symbol,open,high,low,close,volume
NASDAQ:META,475.97,476.01,473.78,474.45,36794.0
NASDAQ:META,474.42,474.46,473.41,473.86,20166.0
NASDAQ:META,473.76,474.51,473.73,474.17,14235.0
NASDAQ:META,474.1,474.21,472.78,472.95,27573.0
NASDAQ:META,472.83,473.34,472.6,472.91,24452.0
NASDAQ:META,472.91,472.92,472.12,472.9,27316.0
NASDAQ:META,472.9,474.02,472.72,473.93,32932.0
NASDAQ:META,473.905,474.27,473.45,473.87,23004.0
NASDAQ:META,473.94,474.06,473.66,473.7,14499.0
NASDAQ:META,473.72,473.75,472.785,473.22,29439.0
NASDAQ:META,473.28,473.74,473.07,473.52,23137.0
NASDAQ:META,473.51,473.75,472.93,473.3,30460.0
NASDAQ:META,473.26,473.44,471.99,472.21,36966.0
NASDAQ:META,472.25,473.43,472.05,473.42,61165.0
NASDAQ:META,473.36,473.53,472.76,473.33,116530.0
NASDAQ:META,469.64,476.15,469.01,473.96,220214.0
NASDAQ:META,473.98,474.8,472.5,473.8,71581.0
NASDAQ:META,473.91,473.94,471.41,472.35,67502.0
NASDAQ:META,472.14,473.1,471.73,472.18,46240.0
NASDAQ:META,472.28,473.68,470.8,471.45,50684.0
NASDAQ:META,471.5,472.43,471.49,472.25,38435.0
NASDAQ:META,472.1,473.0,471.63,472.19,65541.0
NASDAQ:META,472.19,473.28,471.82,471.93,33270.0
NASDAQ:META,471.86,471.86,468.0,468.59,69740.0
NASDAQ:META,468.67,469.425,468.08,468.38,26011.0
NASDAQ:META,468.34,469.15,467.6,468.89,29115.0
NASDAQ:META,468.83,469.03,467.71,467.87,30404.0
NASDAQ:META,467.77,467.9,466.63,467.42,33258.0
NASDAQ:META,467.43,468.19,467.42,467.77,18803.0
NASDAQ:META,467.65,468.98,467.57,468.82,25170.0
NASDAQ:META,468.77,469.75,468.75,469.46,27792.0
NASDAQ:META,469.35,470.94,469.34,470.36,36760.0
NASDAQ:META,470.5,471.5,470.45,471.3,26232.0
NASDAQ:META,471.3,472.47,471.18,472.24,26833.0
NASDAQ:META,472.24,472.68,471.21,471.6,24251.0
NASDAQ:META,471.78,472.11,471.06,472.01,24554.0
NASDAQ:META,472.04,472.61,472.0,472.59,22608.0
NASDAQ:META,472.54,473.16,472.46,472.92,31646.0
NASDAQ:META,472.88,473.03,471.7,471.76,21232.0
NASDAQ:META,471.75,471.75,470.05,470.21,21754.0
NASDAQ:META,470.11,470.9,469.68,470.72,33925.0
NASDAQ:META,470.88,470.91,470.25,470.63,16523.0
NASDAQ:META,470.57,470.73,470.18,470.31,11621.0
NASDAQ:META,470.3,470.6,469.82,469.86,12134.0
NASDAQ:META,469.8,469.8,469.1,469.23,23992.0
NASDAQ:META,469.13,469.6,468.87,469.21,12878.0
NASDAQ:META,469.11,469.29,468.45,468.45,13399.0
NASDAQ:META,468.23,468.81,467.96,468.15,17401.0
NASDAQ:META,468.15,468.15,467.08,467.32,19445.0
NASDAQ:META,467.32,467.7,466.92,466.92,17161.0
NASDAQ:META,467.0,467.54,466.95,467.5,15993.0
NASDAQ:META,467.49,468.31,467.49,468.24,16478.0
NASDAQ:META,468.36,468.66,467.35,467.35,13067.0
NASDAQ:META,467.34,469.11,467.3,468.98,20243.0
NASDAQ:META,469.01,469.37,468.65,468.65,13615.0
NASDAQ:META,468.59,469.33,468.49,468.97,9944.0
NASDAQ:META,468.97,469.16,468.1,468.19,16427.0
NASDAQ:META,468.12,468.32,467.55,467.57,14054.0
NASDAQ:META,467.58,468.14,467.39,468.05,13007.0
NASDAQ:META,468.0,468.03,467.5,467.69,8920.0
NASDAQ:META,467.62,467.98,467.1,467.91,12909.0
NASDAQ:META,467.9,468.51,467.855,468.38,26311.0
NASDAQ:META,468.31,468.41,467.19,467.8,19487.0
NASDAQ:META,467.74,468.07,467.15,467.57,14792.0
NASDAQ:META,467.52,467.92,467.31,467.92,7756.0
NASDAQ:META,467.82,468.45,467.67,468.22,17891.0
NASDAQ:META,468.19,468.77,468.15,468.44,12457.0
NASDAQ:META,468.34,468.71,468.2,468.51,8372.0
NASDAQ:META,468.43,469.12,468.43,468.94,11774.0
NASDAQ:META,468.94,469.04,468.33,468.54,11370.0
NASDAQ:META,468.55,469.22,468.53,469.06,16864.0
NASDAQ:META,469.05,469.59,469.03,469.24,12812.0
NASDAQ:META,469.24,469.67,468.31,469.5,17742.0
NASDAQ:META,469.48,469.64,468.62,468.94,10405.0
NASDAQ:META,468.86,469.28,468.7,469.0,6302.0
NASDAQ:META,469.05,469.46,468.73,468.84,10847.0
NASDAQ:META,468.75,469.12,468.71,468.99,9584.0
NASDAQ:META,469.02,469.58,469.02,469.21,15366.0
NASDAQ:META,469.13,470.12,469.13,469.99,35832.0
NASDAQ:META,470.0,470.2,469.51,469.7,11505.0
NASDAQ:META,469.75,470.32,469.75,470.17,30930.0
NASDAQ:META,470.23,470.32,469.65,469.91,13961.0
NASDAQ:META,469.89,470.51,469.89,470.5,14394.0
NASDAQ:META,470.54,470.79,470.3,470.39,15942.0
NASDAQ:META,470.39,470.47,469.84,470.19,16370.0
NASDAQ:META,470.21,470.5,469.59,469.8,12391.0
NASDAQ:META,469.83,470.34,469.67,470.2,24548.0
NASDAQ:META,470.26,470.32,468.7,469.09,32633.0
NASDAQ:META,469.02,469.56,468.56,469.15,24293.0
NASDAQ:META,469.1,470.47,469.04,470.3,31848.0
NASDAQ:META,470.23,470.63,469.92,470.4,25864.0
NASDAQ:META,470.36,471.08,469.87,470.64,37296.0
NASDAQ:META,470.66,471.75,470.44,471.75,56087.0
NASDAQ:META,466.53,467.69,463.64,466.13,98964.0
NASDAQ:META,466.34,466.38,462.35,463.16,58452.0
NASDAQ:META,463.01,463.9,462.4,463.0,51110.0
NASDAQ:META,462.95,464.31,462.8,463.33,39954.0
NASDAQ:META,463.33,464.82,461.8,464.64,64167.0
NASDAQ:META,464.6,465.16,464.19,464.82,25245.0
NASDAQ:META,464.91,466.4,464.51,465.95,35212.0
NASDAQ:META,466.0,466.49,465.27,465.67,33449.0
NASDAQ:META,465.5,465.92,464.64,464.72,17853.0
NASDAQ:META,464.65,465.46,464.58,464.66,20699.0
NASDAQ:META,464.59,464.94,464.4,464.51,13770.0
NASDAQ:META,464.46,464.97,463.59,464.81,18015.0
NASDAQ:META,464.75,465.58,464.33,465.0,24489.0
NASDAQ:META,464.97,465.24,464.63,464.88,21377.0
NASDAQ:META,464.94,465.5,464.58,464.8,17133.0
NASDAQ:META,464.765,465.62,464.26,465.55,14464.0
NASDAQ:META,465.42,466.425,465.1,466.33,22744.0
NASDAQ:META,466.37,467.02,466.33,466.51,29828.0
NASDAQ:META,466.7,467.77,466.7,467.43,21669.0
NASDAQ:META,467.33,468.41,466.74,468.35,34322.0
NASDAQ:META,468.34,468.7,467.86,468.59,20914.0
NASDAQ:META,468.67,468.69,467.3,467.91,18472.0
NASDAQ:META,467.96,468.96,467.92,468.31,23359.0
NASDAQ:META,468.31,468.48,467.84,467.92,10330.0
NASDAQ:META,468.04,468.18,467.58,467.96,14775.0
NASDAQ:META,468.06,468.76,468.06,468.42,16421.0
NASDAQ:META,468.52,468.6,467.38,467.65,22078.0
NASDAQ:META,467.55,468.9,467.48,468.79,13128.0
NASDAQ:META,468.79,469.0,468.49,468.58,12779.0
NASDAQ:META,468.59,468.93,468.42,468.51,11636.0
NASDAQ:META,468.49,468.61,467.7,467.76,16195.0
NASDAQ:META,467.7,467.7,466.41,466.64,16944.0
NASDAQ:META,466.64,466.79,465.63,466.19,22597.0
NASDAQ:META,465.98,467.05,465.9,466.85,13484.0
NASDAQ:META,466.93,467.27,466.33,466.5,11847.0
NASDAQ:META,466.49,466.75,466.15,466.31,9221.0
NASDAQ:META,466.29,466.9,466.26,466.69,12056.0
NASDAQ:META,466.73,467.2,466.51,467.12,6949.0
NASDAQ:META,467.06,467.09,466.49,467.07,10949.0
NASDAQ:META,467.07,467.6,466.99,467.47,18496.0
NASDAQ:META,467.51,467.76,467.45,467.69,7691.0
NASDAQ:META,467.69,468.27,467.69,468.02,11889.0
NASDAQ:META,468.0,468.0,466.63,467.31,20707.0
NASDAQ:META,467.28,467.47,466.85,467.47,10718.0
NASDAQ:META,467.47,467.7,467.31,467.46,9698.0
NASDAQ:META,467.48,467.93,467.37,467.49,8753.0
NASDAQ:META,467.53,467.53,467.12,467.24,7167.0
NASDAQ:META,467.23,467.24,466.54,466.6,12602.0
NASDAQ:META,466.56,467.26,466.53,467.24,12476.0
NASDAQ:META,467.32,467.89,467.245,467.43,15037.0
NASDAQ:META,467.4,467.51,466.79,467.31,10485.0
NASDAQ:META,467.25,467.72,467.1,467.43,9206.0
NASDAQ:META,467.42,467.5,467.11,467.25,6246.0
NASDAQ:META,467.33,467.43,467.02,467.02,7310.0
NASDAQ:META,467.0,468.17,466.24,467.55,23513.0
NASDAQ:META,467.55,468.38,467.17,467.94,22534.0
NASDAQ:META,467.91,468.08,467.53,467.6,7595.0
NASDAQ:META,467.5,467.8,466.87,467.22,11886.0
NASDAQ:META,467.11,467.69,466.51,466.51,10874.0
NASDAQ:META,466.57,466.77,466.16,466.56,18065.0
NASDAQ:META,466.43,466.69,465.85,466.03,12546.0
NASDAQ:META,466.03,466.08,464.7,464.95,20323.0
NASDAQ:META,464.9,464.9,463.64,463.78,21982.0
NASDAQ:META,463.79,464.3,463.42,464.3,15290.0
NASDAQ:META,464.19,464.82,463.96,464.23,17846.0
NASDAQ:META,464.19,464.79,464.19,464.38,10916.0
NASDAQ:META,464.35,464.75,464.03,464.47,14314.0
NASDAQ:META,464.5,465.08,464.2,464.45,19184.0
NASDAQ:META,464.5,464.78,464.2,464.63,18669.0
NASDAQ:META,464.62,464.96,464.2,464.4,13621.0
NASDAQ:META,464.49,464.49,463.75,464.09,15109.0
NASDAQ:META,464.08,464.88,464.08,464.79,19829.0
NASDAQ:META,464.85,465.84,464.83,465.69,19270.0
NASDAQ:META,465.68,467.02,465.625,466.95,30694.0
NASDAQ:META,467.04,467.52,466.79,466.83,16127.0
NASDAQ:META,466.78,467.31,466.49,467.14,16575.0
NASDAQ:META,467.21,467.65,467.05,467.59,27017.0
NASDAQ:META,467.59,468.31,467.51,467.99,29546.0
NASDAQ:META,480.24,480.29,476.07,477.45,122613.0
NASDAQ:META,477.58,478.9,477.14,478.38,54120.0
NASDAQ:META,478.43,481.0,478.43,480.6,146791.0
NASDAQ:META,480.86,482.91,480.665,481.99,132812.0
NASDAQ:META,482.0,482.94,481.8,482.69,60420.0
NASDAQ:META,482.7,483.14,481.88,482.85,86211.0
NASDAQ:META,482.86,483.08,481.59,481.73,55803.0
NASDAQ:META,481.91,484.74,481.57,484.45,99876.0
NASDAQ:META,484.42,485.13,484.03,484.67,125237.0
NASDAQ:META,484.69,485.54,484.18,484.65,49468.0
NASDAQ:META,484.75,485.55,484.57,485.4,40133.0
NASDAQ:META,485.4,485.76,484.77,485.71,40252.0
NASDAQ:META,485.75,486.77,485.54,486.6,64159.0
NASDAQ:META,486.61,486.75,485.7,486.36,33023.0
NASDAQ:META,486.32,486.94,485.95,486.22,32089.0
NASDAQ:META,486.18,486.25,483.7,483.72,52840.0
NASDAQ:META,483.7,484.345,482.32,482.93,52203.0
NASDAQ:META,483.0,483.16,482.28,482.9,56451.0
NASDAQ:META,482.97,484.63,482.85,484.63,32527.0
NASDAQ:META,484.65,485.43,484.37,484.87,37680.0
NASDAQ:META,484.89,485.78,484.69,485.71,36174.0
NASDAQ:META,485.67,486.79,485.42,486.66,50888.0
NASDAQ:META,486.76,487.8,486.26,487.66,59794.0
NASDAQ:META,487.7,487.95,486.2,486.2,44681.0
NASDAQ:META,486.16,486.98,486.04,486.95,22728.0
NASDAQ:META,486.93,487.41,486.91,487.3,25288.0
NASDAQ:META,487.3,487.58,486.72,487.09,26574.0
NASDAQ:META,487.11,487.2,486.1,486.59,21596.0
NASDAQ:META,486.59,486.69,486.12,486.35,16765.0
NASDAQ:META,486.45,486.99,486.23,486.82,18792.0
NASDAQ:META,486.79,487.04,486.11,486.99,28691.0
NASDAQ:META,486.97,487.9,486.67,487.85,33021.0
NASDAQ:META,487.83,487.98,487.35,487.47,21660.0
NASDAQ:META,487.41,487.79,487.08,487.73,21533.0
NASDAQ:META,487.73,487.93,487.18,487.49,25411.0
NASDAQ:META,487.48,487.77,487.13,487.5,15034.0
NASDAQ:META,487.49,487.98,487.47,487.945,20891.0
NASDAQ:META,487.935,488.54,487.4,487.6,83042.0
NASDAQ:META,487.6,487.61,486.55,486.94,24060.0
NASDAQ:META,486.96,487.295,486.77,487.11,15219.0
NASDAQ:META,487.13,487.82,487.13,487.74,18084.0
NASDAQ:META,487.75,488.49,487.56,488.45,33077.0
NASDAQ:META,488.4,488.92,488.2,488.88,44834.0
NASDAQ:META,488.92,489.0,488.14,488.46,33354.0
NASDAQ:META,488.38,488.51,487.77,488.35,18527.0
NASDAQ:META,488.35,488.56,487.88,488.08,13764.0
NASDAQ:META,488.1,488.1,487.41,487.69,18233.0
NASDAQ:META,487.64,488.27,487.53,487.84,22079.0
NASDAQ:META,487.84,488.2,487.62,488.2,15123.0
NASDAQ:META,488.15,488.79,487.91,488.57,26468.0
NASDAQ:META,488.63,488.88,488.25,488.73,18470.0
NASDAQ:META,488.75,488.99,488.54,488.565,19506.0
NASDAQ:META,488.56,488.92,488.35,488.86,14527.0
NASDAQ:META,488.9,488.97,488.63,488.63,15395.0
NASDAQ:META,488.64,488.95,488.57,488.9,18185.0
NASDAQ:META,488.85,489.7,488.79,489.35,52334.0
NASDAQ:META,489.36,489.7,489.27,489.54,17288.0
NASDAQ:META,489.51,489.6,488.9,489.17,31187.0
NASDAQ:META,489.24,489.98,489.19,489.97,37737.0
NASDAQ:META,489.92,489.98,489.68,489.9,22925.0
NASDAQ:META,489.98,489.99,489.26,489.59,26361.0
NASDAQ:META,489.63,489.75,489.12,489.26,19719.0
NASDAQ:META,489.24,489.38,488.82,489.35,19738.0
NASDAQ:META,489.37,489.69,489.28,489.635,24307.0
NASDAQ:META,489.6,489.65,488.99,489.28,18498.0
NASDAQ:META,489.3,489.38,488.17,488.69,28636.0
NASDAQ:META,488.64,489.25,488.14,489.15,20942.0
NASDAQ:META,489.15,489.47,488.71,488.86,25367.0
NASDAQ:META,488.9,489.22,488.62,488.87,23296.0
NASDAQ:META,488.94,489.29,488.76,489.17,26640.0
NASDAQ:META,489.15,489.44,489.06,489.26,25797.0
NASDAQ:META,489.28,489.52,488.65,488.73,34511.0
NASDAQ:META,488.73,488.75,487.63,488.09,43548.0
NASDAQ:META,488.06,488.95,487.93,488.89,38346.0
NASDAQ:META,488.81,489.0,488.41,488.41,32764.0
NASDAQ:META,488.41,488.42,487.51,487.6,45271.0
NASDAQ:META,487.6,487.61,486.64,486.87,98047.0
NASDAQ:META,486.83,487.18,485.83,486.18,92911.0
NASDAQ:META,488.055,493.1,488.0,492.11,186865.0
NASDAQ:META,492.13,492.52,490.72,491.87,86389.0
NASDAQ:META,492.0,494.2,491.79,493.3,114429.0
NASDAQ:META,493.21,494.33,492.29,492.72,80775.0
NASDAQ:META,492.59,492.63,490.85,491.89,74002.0
NASDAQ:META,491.94,492.73,490.51,492.1,52067.0
NASDAQ:META,492.12,493.8,490.91,493.69,63558.0
NASDAQ:META,493.54,493.63,492.2,492.69,39997.0
NASDAQ:META,492.65,493.12,491.37,492.64,74963.0
NASDAQ:META,492.52,493.06,490.89,491.3,34145.0
NASDAQ:META,491.43,491.6,489.07,489.33,64315.0
NASDAQ:META,489.32,490.03,488.6,488.72,38144.0
NASDAQ:META,488.61,489.39,487.92,488.16,43003.0
NASDAQ:META,488.24,489.48,487.95,489.33,26702.0
NASDAQ:META,489.37,489.42,486.68,486.8,43552.0
NASDAQ:META,486.89,488.4,486.79,488.19,15090.0
NASDAQ:META,488.08,488.71,487.51,487.79,17120.0
NASDAQ:META,487.72,487.83,486.22,486.73,30542.0
NASDAQ:META,486.78,486.96,484.53,484.91,57382.0
NASDAQ:META,484.98,485.44,484.06,484.55,31928.0
NASDAQ:META,484.53,484.72,482.83,484.12,34939.0
NASDAQ:META,484.0,485.53,483.6,484.81,18840.0
NASDAQ:META,484.8,485.51,484.8,485.16,15078.0
NASDAQ:META,485.11,486.0,485.09,485.81,20727.0
NASDAQ:META,485.9,486.67,485.49,486.52,19041.0
NASDAQ:META,486.52,486.59,485.86,486.15,11559.0
NASDAQ:META,486.2,486.2,485.19,485.9,15011.0
NASDAQ:META,485.88,486.16,485.57,485.89,16375.0
NASDAQ:META,485.835,486.91,485.81,486.47,18489.0
NASDAQ:META,486.41,487.42,486.41,487.32,21287.0
NASDAQ:META,487.41,488.17,487.38,488.0,29957.0
NASDAQ:META,488.04,488.63,487.7,488.19,26902.0
NASDAQ:META,488.17,488.43,487.32,487.42,11645.0
NASDAQ:META,487.46,487.46,486.69,487.17,10064.0
NASDAQ:META,487.25,487.75,487.24,487.43,7356.0
NASDAQ:META,487.42,487.42,486.6,487.03,9201.0
NASDAQ:META,486.92,487.35,486.25,487.35,14311.0
NASDAQ:META,487.29,487.37,486.93,487.28,10639.0
NASDAQ:META,487.22,487.71,486.48,487.55,15048.0
NASDAQ:META,487.56,487.99,487.49,487.89,9165.0
NASDAQ:META,487.83,488.13,487.42,487.87,12759.0
NASDAQ:META,487.94,488.26,487.85,488.24,10481.0
NASDAQ:META,488.23,488.27,487.8,488.14,15138.0
NASDAQ:META,488.17,488.59,487.96,488.14,16390.0
NASDAQ:META,488.14,488.46,488.06,488.29,16955.0
NASDAQ:META,488.28,488.37,487.7,488.12,10917.0
NASDAQ:META,488.13,488.64,488.0,488.34,12190.0
NASDAQ:META,488.39,488.42,488.08,488.14,10587.0
NASDAQ:META,488.17,488.21,487.58,488.02,11018.0
NASDAQ:META,488.05,488.05,487.3,487.3,7153.0
NASDAQ:META,487.37,487.6,487.04,487.16,7692.0
NASDAQ:META,487.1,487.44,486.84,487.12,12411.0
NASDAQ:META,487.14,487.19,486.51,486.81,11033.0
NASDAQ:META,486.8,486.915,486.65,486.89,6927.0
NASDAQ:META,486.87,487.03,485.72,485.77,25136.0
NASDAQ:META,485.8,486.565,485.44,485.52,10234.0
NASDAQ:META,485.6,485.6,483.76,483.92,39168.0
NASDAQ:META,483.95,484.81,483.51,483.72,45273.0
NASDAQ:META,483.64,484.37,483.21,483.39,29152.0
NASDAQ:META,483.48,483.77,482.87,483.58,30097.0
NASDAQ:META,483.63,484.66,483.5,484.46,18802.0
NASDAQ:META,484.48,484.54,483.77,484.5,22691.0
NASDAQ:META,484.58,484.59,482.8,483.03,31768.0
NASDAQ:META,483.03,483.65,482.75,482.84,23939.0
NASDAQ:META,482.8,483.59,482.48,482.62,34002.0
NASDAQ:META,482.64,483.15,482.35,483.06,30501.0
NASDAQ:META,483.07,484.03,482.82,484.03,20093.0
NASDAQ:META,484.03,484.03,482.78,482.78,18257.0
NASDAQ:META,482.85,483.24,482.46,482.99,19114.0
NASDAQ:META,483.02,483.92,482.87,483.38,11211.0
NASDAQ:META,483.45,484.03,483.22,484.01,13992.0
NASDAQ:META,483.97,484.115,482.9,483.08,22116.0
NASDAQ:META,483.13,483.96,483.08,483.85,13341.0
NASDAQ:META,483.84,484.2,483.56,484.03,17935.0
NASDAQ:META,484.04,484.64,483.95,484.28,22884.0
NASDAQ:META,484.36,484.8,484.12,484.51,21105.0
NASDAQ:META,484.54,485.35,484.51,484.86,46883.0
NASDAQ:META,484.83,485.01,483.99,483.99,73699.0
NASDAQ:META,483.25,486.13,481.42,481.935,68345.0
NASDAQ:META,482.02,484.64,481.98,484.0,33414.0
NASDAQ:META,484.16,485.49,483.1,483.1,37828.0
NASDAQ:META,483.32,483.86,481.88,482.24,36849.0
NASDAQ:META,482.24,482.97,481.6,482.45,36589.0
NASDAQ:META,482.52,483.14,481.53,482.09,48546.0
NASDAQ:META,481.67,482.09,480.6,481.66,40878.0
NASDAQ:META,481.8,482.02,481.055,481.92,20628.0
NASDAQ:META,482.0,482.37,481.5,481.7,24471.0
NASDAQ:META,481.73,483.72,481.57,483.72,17888.0
NASDAQ:META,483.73,483.81,482.72,482.72,18924.0
NASDAQ:META,482.78,483.3,482.4,482.57,12526.0
NASDAQ:META,482.6,483.07,482.28,482.95,14841.0
NASDAQ:META,483.01,483.19,482.33,482.4,17989.0
NASDAQ:META,482.33,483.19,482.03,483.08,14046.0
NASDAQ:META,483.07,483.54,482.9,482.99,13759.0
NASDAQ:META,483.0,483.6,482.93,483.2,14429.0
NASDAQ:META,483.22,483.39,482.0,482.14,19451.0
NASDAQ:META,482.09,482.32,481.53,481.75,16546.0
NASDAQ:META,481.75,482.98,481.67,482.55,13570.0
NASDAQ:META,482.53,482.84,481.89,481.97,9688.0
NASDAQ:META,481.96,482.45,481.85,482.33,9442.0
NASDAQ:META,482.38,482.43,481.67,481.79,8620.0
NASDAQ:META,481.73,482.24,481.45,482.24,13124.0
NASDAQ:META,482.12,483.31,482.07,482.82,18470.0
NASDAQ:META,482.78,483.47,482.74,483.04,10696.0
NASDAQ:META,483.04,483.67,482.8,483.65,15283.0
NASDAQ:META,483.66,484.0,483.34,483.99,11470.0
NASDAQ:META,483.99,484.67,483.92,484.38,15253.0
NASDAQ:META,484.42,484.48,484.06,484.25,12848.0
NASDAQ:META,484.18,484.21,483.55,483.86,15332.0
NASDAQ:META,483.8,483.85,483.38,483.43,9333.0
NASDAQ:META,483.43,484.4,483.36,484.4,11648.0
NASDAQ:META,484.4,484.4,483.96,484.03,10842.0
NASDAQ:META,484.01,484.92,484.01,484.76,12868.0
NASDAQ:META,484.79,485.16,484.49,484.99,20828.0
NASDAQ:META,485.01,485.8,485.01,485.59,20360.0
NASDAQ:META,485.6,485.73,484.75,484.9,12826.0
NASDAQ:META,484.83,485.57,484.65,484.98,10735.0
NASDAQ:META,485.0,485.15,484.14,484.35,7479.0
NASDAQ:META,484.42,484.61,484.05,484.07,6408.0
NASDAQ:META,484.07,484.62,483.845,484.14,11963.0
NASDAQ:META,484.1,484.18,483.07,484.0,16485.0
NASDAQ:META,483.95,484.12,483.65,484.04,5852.0
NASDAQ:META,484.09,484.58,484.09,484.5,4852.0
NASDAQ:META,484.47,484.72,483.81,483.81,5784.0
NASDAQ:META,483.81,484.35,483.55,484.35,7285.0
NASDAQ:META,484.24,484.29,483.4,483.775,5653.0
NASDAQ:META,483.82,483.91,483.25,483.39,9352.0
NASDAQ:META,483.4,483.9,482.93,483.83,12269.0
NASDAQ:META,483.92,484.17,483.87,484.02,7088.0
NASDAQ:META,484.02,484.22,483.85,484.15,8868.0
NASDAQ:META,484.17,484.34,483.9,484.34,12969.0
NASDAQ:META,484.31,484.77,484.19,484.77,7206.0
NASDAQ:META,484.72,485.05,484.72,484.99,13727.0
NASDAQ:META,485.04,485.07,484.44,484.505,14342.0
NASDAQ:META,484.53,484.55,484.0,484.35,19928.0
NASDAQ:META,484.35,484.79,484.3,484.7,5753.0
NASDAQ:META,484.72,485.35,484.54,485.35,12045.0
NASDAQ:META,485.35,485.5,485.17,485.24,7695.0
NASDAQ:META,485.33,485.6,485.14,485.48,9310.0
NASDAQ:META,485.51,485.59,484.84,485.19,9840.0
NASDAQ:META,485.16,485.28,484.34,484.55,13486.0
NASDAQ:META,484.48,484.94,484.3,484.75,7597.0
NASDAQ:META,484.71,485.04,484.27,484.35,8692.0
NASDAQ:META,484.38,484.54,484.18,484.24,7715.0
NASDAQ:META,484.23,484.4,483.86,484.39,12348.0
NASDAQ:META,484.42,484.51,483.8,484.38,10536.0
NASDAQ:META,484.405,484.75,484.18,484.19,9472.0
NASDAQ:META,484.15,484.37,483.94,484.22,7536.0
NASDAQ:META,484.225,484.37,483.51,483.61,15958.0
NASDAQ:META,483.57,483.81,483.39,483.71,22590.0
NASDAQ:META,483.705,484.12,482.7,482.95,26891.0
NASDAQ:META,482.92,483.07,482.62,482.74,21817.0
NASDAQ:META,482.74,483.04,482.44,482.51,13181.0
NASDAQ:META,482.46,482.69,481.54,481.61,28846.0
NASDAQ:META,482.24,482.44,481.6,481.95,41804.0
NASDAQ:META,482.26,482.93,481.65,481.66,43128.0
NASDAQ:META,479.99,485.74,479.87,484.8,78979.0
NASDAQ:META,484.87,486.69,483.5,484.52,54656.0
NASDAQ:META,484.6,484.64,482.59,483.56,31388.0
NASDAQ:META,483.55,483.97,482.23,483.9,21394.0
NASDAQ:META,483.86,484.19,482.66,482.87,20563.0
NASDAQ:META,482.88,483.84,482.73,483.39,23976.0
NASDAQ:META,483.32,484.52,483.32,483.88,24313.0
NASDAQ:META,483.85,485.1,483.63,485.02,21914.0
NASDAQ:META,485.17,485.65,484.63,485.34,32112.0
NASDAQ:META,485.39,485.44,483.92,484.98,16498.0
NASDAQ:META,485.06,485.5,484.61,485.13,20088.0
NASDAQ:META,485.13,485.37,484.18,484.78,10738.0
NASDAQ:META,484.76,485.36,484.63,484.79,11355.0
NASDAQ:META,484.7,485.2,484.42,484.72,8353.0
NASDAQ:META,484.62,484.62,483.58,483.94,14660.0
NASDAQ:META,483.97,485.75,483.81,485.39,23942.0
NASDAQ:META,485.47,485.83,484.73,485.0,17022.0
NASDAQ:META,484.91,485.32,484.79,485.0,7633.0
NASDAQ:META,485.0,485.09,484.34,484.55,9670.0
NASDAQ:META,484.51,484.75,484.04,484.2,11355.0
NASDAQ:META,484.1,484.42,483.87,484.34,7095.0
NASDAQ:META,484.28,484.46,483.83,484.08,8425.0
NASDAQ:META,484.0,484.28,483.68,484.28,7831.0
NASDAQ:META,484.22,484.41,483.55,483.69,5693.0
NASDAQ:META,483.74,484.15,483.4,484.0,11612.0
NASDAQ:META,483.95,484.08,483.5,483.73,7648.0
NASDAQ:META,483.73,483.8,483.26,483.65,9150.0
NASDAQ:META,483.63,483.95,483.46,483.75,10566.0
NASDAQ:META,483.77,484.2,483.74,483.87,11312.0
NASDAQ:META,483.88,483.92,483.56,483.64,4768.0
NASDAQ:META,483.73,483.74,482.99,483.15,7086.0
NASDAQ:META,483.17,483.43,482.78,483.21,16285.0
NASDAQ:META,483.26,483.63,483.26,483.47,5444.0
NASDAQ:META,483.46,483.56,483.18,483.22,7799.0
NASDAQ:META,483.17,483.58,482.54,482.75,9217.0
NASDAQ:META,482.7,483.6,482.66,483.28,7592.0
NASDAQ:META,483.41,483.69,482.84,482.99,7483.0
NASDAQ:META,482.98,483.38,482.46,482.49,18872.0
NASDAQ:META,482.55,482.76,482.25,482.64,22260.0
NASDAQ:META,482.65,482.93,482.16,482.3,11394.0
NASDAQ:META,482.25,482.62,481.9,482.06,8853.0
NASDAQ:META,482.07,482.07,481.45,481.75,12890.0
NASDAQ:META,481.65,482.27,481.21,482.11,13068.0
NASDAQ:META,482.23,482.82,482.22,482.53,14052.0
NASDAQ:META,482.59,482.98,482.59,482.82,10860.0
NASDAQ:META,482.86,483.38,482.76,483.14,7660.0
NASDAQ:META,483.2,483.48,482.83,483.26,12654.0
NASDAQ:META,483.3,483.33,482.48,482.615,8504.0
NASDAQ:META,482.55,482.98,482.29,482.9,6005.0
NASDAQ:META,482.915,483.29,482.71,483.29,9973.0
NASDAQ:META,483.25,483.5,483.11,483.18,12501.0
NASDAQ:META,483.14,483.28,482.75,482.83,6993.0
NASDAQ:META,482.77,482.83,482.3,482.63,8282.0
NASDAQ:META,482.62,483.99,482.57,483.455,29581.0
NASDAQ:META,483.53,484.3,483.45,484.28,20857.0
NASDAQ:META,484.29,485.01,484.25,484.58,45626.0
NASDAQ:META,484.63,485.01,484.59,484.88,11977.0
NASDAQ:META,484.91,485.48,484.9,485.42,14424.0
NASDAQ:META,485.46,485.51,485.13,485.28,13726.0
NASDAQ:META,485.27,485.27,484.77,484.96,6334.0
NASDAQ:META,484.96,485.23,484.87,485.19,5821.0
NASDAQ:META,485.23,485.39,485.0,485.37,9530.0
NASDAQ:META,485.4,485.5,484.9,485.12,14679.0
NASDAQ:META,485.15,485.35,485.0,485.32,10437.0
NASDAQ:META,485.29,486.48,485.29,486.48,41384.0
NASDAQ:META,486.48,487.05,486.3,486.44,38297.0
NASDAQ:META,486.48,486.55,485.88,486.26,16062.0
NASDAQ:META,486.27,486.52,486.12,486.45,11766.0
NASDAQ:META,486.38,486.64,486.22,486.35,8763.0
NASDAQ:META,486.34,486.41,485.96,486.22,15583.0
NASDAQ:META,486.22,486.75,486.17,486.63,16265.0
NASDAQ:META,486.63,486.94,486.38,486.72,17542.0
NASDAQ:META,486.68,486.74,485.85,486.01,15141.0
NASDAQ:META,486.03,486.59,485.96,486.57,11889.0
NASDAQ:META,486.56,486.75,486.32,486.48,16477.0
NASDAQ:META,486.46,486.47,485.78,486.14,13242.0
NASDAQ:META,486.18,486.74,485.83,486.24,24728.0
NASDAQ:META,486.06,487.27,485.97,487.07,73912.0
NASDAQ:META,484.93,490.35,484.89,490.09,149248.0
NASDAQ:META,490.18,491.05,489.01,490.64,85175.0
NASDAQ:META,490.53,490.54,488.8,489.13,51473.0
NASDAQ:META,489.16,489.92,488.19,488.37,57535.0
NASDAQ:META,488.39,488.48,487.08,487.91,38241.0
NASDAQ:META,487.83,488.68,487.53,488.19,35460.0
NASDAQ:META,488.17,488.69,487.55,487.74,36440.0
NASDAQ:META,487.66,487.72,485.81,486.69,46770.0
NASDAQ:META,486.655,487.96,486.655,487.55,35282.0
NASDAQ:META,487.54,487.54,485.92,486.12,22032.0
NASDAQ:META,486.14,486.34,485.84,485.87,25222.0
NASDAQ:META,485.93,486.52,484.92,485.43,31719.0
NASDAQ:META,485.38,485.82,485.11,485.55,14919.0
NASDAQ:META,485.6,486.19,485.27,485.45,15009.0
NASDAQ:META,485.41,485.9,485.18,485.82,9317.0
NASDAQ:META,485.8,486.16,484.67,485.0,32344.0
NASDAQ:META,484.99,485.25,484.38,484.72,26855.0
NASDAQ:META,484.68,485.13,484.3,484.73,18794.0
NASDAQ:META,484.82,485.5,484.7,485.0,21723.0
NASDAQ:META,485.11,485.29,484.58,484.77,12610.0
NASDAQ:META,484.74,485.12,483.7,484.38,22479.0
NASDAQ:META,484.39,485.43,484.39,485.43,18393.0
NASDAQ:META,485.46,485.78,484.85,485.03,13944.0
NASDAQ:META,485.1,485.64,485.0,485.1,14022.0
NASDAQ:META,485.15,486.26,485.14,486.04,34208.0
NASDAQ:META,486.0,486.9,485.93,486.1,17130.0
NASDAQ:META,486.23,486.83,485.95,486.75,10954.0
NASDAQ:META,486.64,487.22,486.57,486.85,22155.0
NASDAQ:META,486.85,487.21,486.38,486.5,12547.0
NASDAQ:META,486.48,487.22,486.21,486.715,14203.0
NASDAQ:META,486.67,487.21,486.39,487.08,11164.0
NASDAQ:META,487.02,487.69,486.82,487.19,21282.0
NASDAQ:META,487.18,487.7,487.095,487.63,8505.0
NASDAQ:META,487.58,487.94,486.65,486.87,28150.0
NASDAQ:META,486.81,486.93,486.5,486.68,7736.0
NASDAQ:META,486.65,487.03,486.58,486.99,11660.0
NASDAQ:META,486.915,487.0,485.88,486.3,17320.0
NASDAQ:META,486.21,486.76,486.05,486.17,10117.0
NASDAQ:META,486.2,486.45,485.7,486.195,9369.0
NASDAQ:META,486.2,487.34,486.2,487.15,18454.0
NASDAQ:META,487.1,487.9,487.02,487.61,8687.0
NASDAQ:META,487.575,487.65,487.17,487.36,6238.0
NASDAQ:META,487.31,487.39,486.72,486.77,7461.0
NASDAQ:META,486.72,486.95,486.16,486.36,11607.0
NASDAQ:META,486.19,486.98,486.09,486.87,6594.0
NASDAQ:META,486.94,487.0,486.23,486.31,8023.0
NASDAQ:META,486.26,486.86,486.25,486.71,10196.0
NASDAQ:META,486.59,487.3,486.58,486.99,7378.0
NASDAQ:META,486.98,487.4,486.98,487.39,18290.0
NASDAQ:META,487.4,487.77,486.91,487.02,10952.0
NASDAQ:META,487.11,487.5,486.89,486.9,13059.0
NASDAQ:META,486.97,487.28,486.68,487.11,6916.0
NASDAQ:META,486.99,487.2,486.72,487.1,9678.0
NASDAQ:META,487.2,487.29,486.85,487.27,6376.0
NASDAQ:META,487.28,487.33,487.05,487.11,4898.0
NASDAQ:META,487.05,487.06,486.46,486.75,11988.0
NASDAQ:META,486.66,486.73,485.8,485.94,12337.0
NASDAQ:META,485.85,486.67,485.8,486.48,10393.0
NASDAQ:META,486.4,486.57,486.02,486.57,5453.0
NASDAQ:META,486.48,486.55,485.58,485.58,25348.0
NASDAQ:META,485.6,485.86,485.35,485.86,11073.0
NASDAQ:META,485.77,485.78,484.79,484.96,18808.0
NASDAQ:META,485.0,485.01,484.24,484.24,18069.0
NASDAQ:META,484.28,484.81,484.02,484.02,15972.0
NASDAQ:META,484.06,484.22,483.4,484.13,28274.0
NASDAQ:META,484.1,484.89,483.87,484.85,13472.0
NASDAQ:META,484.9,485.5,484.83,485.15,11170.0
NASDAQ:META,485.12,485.17,483.94,484.15,16321.0
NASDAQ:META,484.15,484.65,484.03,484.6,9849.0
NASDAQ:META,484.5,484.9,484.26,484.735,8064.0
NASDAQ:META,484.74,485.08,484.23,484.65,11357.0
NASDAQ:META,484.56,484.95,484.44,484.84,8912.0
NASDAQ:META,484.8,484.84,484.1,484.69,12200.0
NASDAQ:META,484.73,484.8,484.15,484.41,13815.0
NASDAQ:META,484.27,484.52,483.59,483.69,16796.0
NASDAQ:META,483.59,483.83,482.9,483.02,22927.0
NASDAQ:META,482.92,483.93,482.77,483.27,19029.0
NASDAQ:META,483.36,484.04,483.23,484.04,29090.0
NASDAQ:META,488.3,488.97,486.34,487.88,71951.0
NASDAQ:META,488.14,488.34,486.71,487.57,40975.0
NASDAQ:META,487.66,488.5,486.14,487.08,54896.0
NASDAQ:META,487.31,487.68,486.52,486.94,28828.0
NASDAQ:META,486.9,489.33,486.2,489.09,49765.0
NASDAQ:META,489.13,490.14,489.1,489.61,92482.0
NASDAQ:META,489.71,490.04,488.87,489.98,37042.0
NASDAQ:META,490.04,491.7,490.02,491.13,56056.0
NASDAQ:META,491.0,491.0,488.38,488.55,33765.0
NASDAQ:META,488.5,489.15,488.43,488.74,22548.0
NASDAQ:META,488.77,490.0,488.65,489.39,26267.0
NASDAQ:META,489.41,489.84,488.685,489.08,16648.0
NASDAQ:META,489.1,489.41,488.6,489.37,17235.0
NASDAQ:META,489.35,490.0,489.35,489.71,20034.0
NASDAQ:META,489.72,490.0,489.23,489.52,15538.0
NASDAQ:META,489.53,490.03,488.57,489.65,28642.0
NASDAQ:META,489.66,489.66,488.7,488.7,13051.0
NASDAQ:META,488.75,489.11,488.5,488.78,14191.0
NASDAQ:META,488.81,488.81,487.34,487.77,20798.0
NASDAQ:META,487.64,488.3,487.6,488.11,12351.0
NASDAQ:META,488.16,488.55,487.45,487.82,16703.0
NASDAQ:META,487.8,488.0,487.18,487.47,9998.0
NASDAQ:META,487.38,487.38,486.37,486.7,23026.0
NASDAQ:META,486.66,486.71,485.09,485.32,29120.0
NASDAQ:META,485.38,485.61,484.45,484.61,23843.0
NASDAQ:META,484.65,485.0,483.32,483.42,29513.0
NASDAQ:META,483.45,484.7,482.66,484.67,30372.0
NASDAQ:META,484.61,485.77,483.8,485.75,19475.0
NASDAQ:META,485.7,486.15,485.41,486.09,15254.0
NASDAQ:META,486.15,486.49,485.72,486.35,9913.0
NASDAQ:META,486.45,487.09,486.3,486.62,13080.0
NASDAQ:META,486.565,486.64,486.07,486.39,7334.0
NASDAQ:META,486.45,486.65,485.69,485.82,14653.0
NASDAQ:META,485.8,486.23,485.59,486.155,7148.0
NASDAQ:META,486.2,486.41,485.82,486.19,4853.0
NASDAQ:META,486.25,486.32,485.18,485.18,9957.0
NASDAQ:META,485.35,486.41,485.18,486.14,8677.0
NASDAQ:META,486.11,486.5,486.05,486.5,9769.0
NASDAQ:META,486.5,486.82,486.34,486.7,7239.0
NASDAQ:META,486.66,487.17,486.3,486.86,14469.0
NASDAQ:META,486.92,487.43,486.71,487.34,9560.0
NASDAQ:META,487.39,487.68,487.2,487.46,12314.0
NASDAQ:META,487.54,488.36,487.43,488.2,15637.0
NASDAQ:META,488.16,488.92,488.03,488.89,14080.0
NASDAQ:META,488.83,489.25,488.5,488.6,20126.0
NASDAQ:META,488.6,488.89,488.03,488.115,14361.0
NASDAQ:META,488.15,488.54,488.06,488.24,11508.0
NASDAQ:META,488.26,488.55,487.85,487.99,18925.0
NASDAQ:META,488.04,488.35,487.84,488.13,9497.0
NASDAQ:META,488.16,488.5,488.16,488.26,8746.0
NASDAQ:META,488.34,488.36,487.6,487.745,10455.0
NASDAQ:META,487.8,488.16,487.745,488.15,6903.0
NASDAQ:META,488.11,488.53,488.1,488.26,10320.0
NASDAQ:META,488.24,488.39,488.06,488.06,5580.0
NASDAQ:META,488.13,488.3,487.85,487.99,8315.0
NASDAQ:META,488.05,488.52,487.79,488.22,11775.0
NASDAQ:META,488.25,488.65,488.17,488.47,10930.0
NASDAQ:META,488.5,489.38,488.5,489.25,29414.0
NASDAQ:META,489.21,489.33,489.05,489.31,10678.0
NASDAQ:META,489.24,489.49,488.41,488.67,23050.0
NASDAQ:META,488.6,489.2,488.48,489.19,7883.0
NASDAQ:META,489.18,489.37,488.85,489.27,20688.0
NASDAQ:META,489.24,489.32,488.84,488.95,12087.0
NASDAQ:META,488.93,489.33,488.6,489.27,21433.0
NASDAQ:META,489.24,489.56,488.96,489.3,14115.0
NASDAQ:META,489.3,489.5,489.03,489.48,8491.0
NASDAQ:META,489.48,489.5,489.16,489.45,12250.0
NASDAQ:META,489.45,489.75,489.19,489.67,15534.0
NASDAQ:META,489.74,489.8,489.31,489.31,20061.0
NASDAQ:META,489.37,489.92,489.37,489.7,17670.0
NASDAQ:META,489.79,489.81,489.59,489.72,19460.0
NASDAQ:META,489.66,489.83,489.2,489.24,20083.0
NASDAQ:META,489.23,489.58,489.01,489.01,21937.0
NASDAQ:META,489.1,489.41,489.0,489.21,16051.0
NASDAQ:META,489.17,489.25,488.8,488.9,23681.0
NASDAQ:META,488.9,489.46,488.71,489.04,27162.0
NASDAQ:META,489.04,490.54,489.04,490.18,106223.0
NASDAQ:META,490.18,491.16,489.63,489.63,92163.0
NASDAQ:META,491.85,497.29,491.695,495.49,110341.0
NASDAQ:META,495.495,497.89,494.97,497.46,62509.0
NASDAQ:META,497.55,499.27,497.28,498.8,73442.0
NASDAQ:META,498.71,499.79,497.5,499.66,63074.0
NASDAQ:META,499.69,500.7,498.64,499.12,169180.0
NASDAQ:META,499.14,499.54,498.1,499.46,41952.0
NASDAQ:META,499.54,500.54,498.7,499.54,78604.0
NASDAQ:META,499.59,500.97,499.16,500.88,38463.0
NASDAQ:META,500.95,501.85,500.87,501.33,53714.0
NASDAQ:META,501.27,501.3,499.65,500.22,50151.0
NASDAQ:META,500.285,500.62,499.1,499.61,30590.0
NASDAQ:META,499.5,500.5,499.1,499.21,30985.0
NASDAQ:META,499.34,499.49,498.09,498.47,33267.0
NASDAQ:META,498.34,498.82,498.09,498.38,14332.0
NASDAQ:META,498.32,499.05,497.73,498.47,24399.0
NASDAQ:META,498.5,499.17,498.45,498.68,18143.0
NASDAQ:META,498.7,498.83,498.3,498.64,12737.0
NASDAQ:META,498.63,499.1,497.29,497.77,26119.0
NASDAQ:META,497.87,499.4,497.57,499.26,23104.0
NASDAQ:META,499.21,499.73,498.72,499.62,24024.0
NASDAQ:META,499.59,499.615,498.68,499.5,14979.0
NASDAQ:META,499.59,500.39,499.39,500.36,33920.0
NASDAQ:META,500.4,500.68,499.5,499.88,41508.0
NASDAQ:META,499.99,500.04,499.05,499.33,24743.0
NASDAQ:META,499.34,499.4,498.46,498.47,17936.0
NASDAQ:META,498.52,499.22,498.39,499.07,23297.0
NASDAQ:META,499.045,499.8,498.97,499.3,15269.0
NASDAQ:META,499.37,500.01,499.25,499.66,21773.0
NASDAQ:META,499.68,500.01,499.34,499.63,16567.0
NASDAQ:META,499.62,499.9,499.4,499.48,12800.0
NASDAQ:META,499.43,499.77,499.21,499.67,13576.0
NASDAQ:META,499.66,500.01,499.35,499.5,42186.0
NASDAQ:META,499.56,500.06,499.47,499.96,12210.0
NASDAQ:META,500.0,500.0,499.41,499.71,14872.0
NASDAQ:META,499.68,500.04,499.5,499.93,13724.0
NASDAQ:META,499.96,500.01,499.23,499.23,15440.0
NASDAQ:META,499.31,499.69,499.03,499.61,13538.0
NASDAQ:META,499.56,499.79,499.38,499.57,8680.0
NASDAQ:META,499.61,500.09,499.52,500.06,27313.0
NASDAQ:META,500.06,500.66,499.79,500.58,43448.0
NASDAQ:META,500.535,500.78,500.38,500.72,17619.0
NASDAQ:META,500.75,501.38,500.3,501.1,29267.0
NASDAQ:META,501.095,501.29,500.84,501.19,21370.0
NASDAQ:META,501.14,502.25,501.01,501.6,48436.0
NASDAQ:META,501.69,502.59,501.59,502.36,44796.0
NASDAQ:META,502.42,502.66,501.85,502.11,25761.0
NASDAQ:META,502.04,502.16,501.23,501.67,26914.0
NASDAQ:META,501.7,502.13,501.31,502.09,13959.0
NASDAQ:META,502.02,502.54,501.81,502.36,22850.0
NASDAQ:META,502.41,502.42,502.11,502.33,17898.0
NASDAQ:META,502.33,503.23,502.28,503.07,29454.0
NASDAQ:META,503.1,503.76,502.91,503.2,32808.0
NASDAQ:META,503.21,503.8,502.78,503.5,27642.0
NASDAQ:META,503.54,503.87,503.4,503.49,19309.0
NASDAQ:META,503.44,503.83,503.14,503.59,28073.0
NASDAQ:META,503.64,503.92,503.44,503.84,13775.0
NASDAQ:META,503.82,503.96,503.6,503.86,16906.0
NASDAQ:META,503.85,504.23,503.56,503.93,24574.0
NASDAQ:META,503.91,503.91,501.91,502.3,38312.0
NASDAQ:META,502.22,502.5,501.88,502.28,18034.0
NASDAQ:META,502.34,502.55,501.12,501.69,18085.0
NASDAQ:META,501.76,502.11,501.35,501.85,11108.0
NASDAQ:META,501.87,502.16,501.435,502.04,17753.0
NASDAQ:META,502.13,502.98,502.1,502.81,19290.0
NASDAQ:META,502.85,503.32,502.7,503.12,25971.0
NASDAQ:META,503.16,503.78,503.12,503.61,18041.0
NASDAQ:META,503.59,503.59,503.0,503.18,18440.0
NASDAQ:META,503.25,503.41,501.93,502.1,29210.0
NASDAQ:META,502.1,502.45,501.51,501.73,24355.0
NASDAQ:META,501.68,501.75,501.07,501.54,22903.0
NASDAQ:META,501.61,502.24,501.61,501.97,17765.0
NASDAQ:META,502.03,502.92,501.97,502.6,23931.0
NASDAQ:META,502.62,502.71,501.99,502.48,30170.0
NASDAQ:META,502.48,503.0,502.29,502.79,33031.0
NASDAQ:META,502.85,503.26,502.7,502.9,27009.0
NASDAQ:META,502.74,502.74,502.0,502.43,36020.0
NASDAQ:META,502.42,502.57,501.94,502.12,43215.0
NASDAQ:META,502.29,502.64,501.67,502.52,89605.0
NASDAQ:META,503.0,504.24,496.43,500.11,158781.0
NASDAQ:META,500.13,502.29,499.79,501.51,45316.0
NASDAQ:META,501.59,502.64,499.95,501.27,50378.0
NASDAQ:META,501.17,501.29,496.88,497.2,70271.0
NASDAQ:META,497.16,500.59,496.78,499.81,42271.0
NASDAQ:META,499.81,500.58,498.15,500.38,44354.0
NASDAQ:META,500.21,500.31,498.09,498.91,31341.0
NASDAQ:META,499.04,499.1,497.17,498.47,42295.0
NASDAQ:META,498.53,500.0,498.18,499.67,30934.0
NASDAQ:META,499.72,499.83,498.98,499.28,20249.0
NASDAQ:META,499.33,500.22,499.31,500.21,23976.0
NASDAQ:META,500.21,501.0,499.01,499.37,31542.0
NASDAQ:META,499.37,500.52,499.13,499.99,15859.0
NASDAQ:META,500.1,500.835,499.88,500.355,17748.0
NASDAQ:META,500.34,501.36,500.32,500.71,25492.0
NASDAQ:META,500.7,500.81,500.11,500.23,15410.0
NASDAQ:META,500.33,500.94,500.33,500.87,11035.0
NASDAQ:META,500.9,501.11,500.5,500.79,12118.0
NASDAQ:META,500.83,500.91,499.26,499.44,12471.0
NASDAQ:META,499.41,500.09,499.32,499.93,9935.0
NASDAQ:META,499.86,500.76,499.84,500.76,15330.0
NASDAQ:META,500.76,502.36,500.69,501.94,35182.0
NASDAQ:META,501.87,503.0,501.8,502.6,28461.0
NASDAQ:META,502.56,502.9,502.12,502.32,12804.0
NASDAQ:META,502.35,502.5,501.97,502.03,15362.0
NASDAQ:META,502.17,503.56,502.01,503.4,27909.0
NASDAQ:META,503.41,503.54,502.75,503.45,13835.0
NASDAQ:META,503.47,504.4,503.37,503.95,34428.0
NASDAQ:META,503.89,504.4,503.55,504.03,14737.0
NASDAQ:META,504.0,504.24,503.57,503.7,11987.0
NASDAQ:META,503.73,503.73,502.91,503.26,13319.0
NASDAQ:META,503.21,503.25,501.7,502.18,12727.0
NASDAQ:META,502.15,502.66,502.01,502.56,14314.0
NASDAQ:META,502.53,503.14,502.36,502.5,18066.0
NASDAQ:META,502.5,503.08,502.36,502.58,9999.0
NASDAQ:META,502.47,503.23,502.41,503.23,8000.0
NASDAQ:META,503.23,503.6,502.66,502.66,11698.0
NASDAQ:META,502.74,502.79,502.25,502.575,8527.0
NASDAQ:META,502.58,502.8,502.37,502.39,9389.0
NASDAQ:META,502.37,502.7,501.65,501.71,11387.0
NASDAQ:META,501.78,502.17,501.5,501.96,11166.0
NASDAQ:META,501.92,502.8,501.92,502.64,6754.0
NASDAQ:META,502.73,502.81,502.54,502.73,8276.0
NASDAQ:META,502.73,502.84,501.83,502.54,11377.0
NASDAQ:META,502.46,502.93,502.42,502.55,13680.0
NASDAQ:META,502.61,502.63,501.55,501.68,10669.0
NASDAQ:META,501.71,501.74,501.25,501.61,7720.0
NASDAQ:META,501.5,501.99,501.45,501.53,27134.0
NASDAQ:META,501.57,501.96,501.5,501.68,14757.0
NASDAQ:META,501.68,501.73,500.81,501.03,13855.0
NASDAQ:META,501.05,501.22,500.78,501.22,5228.0
NASDAQ:META,501.22,501.25,500.25,500.25,9875.0
NASDAQ:META,500.27,500.61,499.88,500.48,14081.0
NASDAQ:META,500.57,500.61,500.2,500.31,6883.0
NASDAQ:META,500.27,500.89,500.19,500.83,6153.0
NASDAQ:META,500.88,500.9,499.95,500.12,9340.0
NASDAQ:META,500.21,500.56,499.88,500.43,7122.0
NASDAQ:META,500.4,501.0,500.29,501.0,6565.0
NASDAQ:META,500.97,501.11,500.44,500.64,7059.0
NASDAQ:META,500.65,500.67,500.27,500.5,7664.0
NASDAQ:META,500.52,500.92,500.47,500.72,9625.0
NASDAQ:META,500.7,501.53,500.63,501.53,14057.0
NASDAQ:META,501.51,501.53,500.9,501.47,15871.0
NASDAQ:META,501.47,501.74,501.17,501.65,10382.0
NASDAQ:META,501.67,501.85,501.13,501.5,10700.0
NASDAQ:META,501.53,501.9,501.32,501.41,11047.0
NASDAQ:META,501.48,501.58,500.5,500.58,6121.0
NASDAQ:META,500.6,501.0,500.18,500.97,11206.0
NASDAQ:META,500.94,501.59,500.92,501.5,11065.0
NASDAQ:META,501.46,501.9,501.06,501.08,13485.0
NASDAQ:META,501.1,501.15,500.3,500.55,13895.0
NASDAQ:META,500.62,500.89,500.06,500.2,11261.0
NASDAQ:META,500.16,500.32,498.69,498.83,28841.0
NASDAQ:META,498.69,499.86,498.43,499.68,19165.0
NASDAQ:META,499.72,500.08,499.2,499.29,26866.0
NASDAQ:META,499.27,499.48,497.89,497.94,26517.0
NASDAQ:META,497.9,498.17,497.45,497.81,33351.0
NASDAQ:META,497.77,498.29,497.68,498.17,58417.0
NASDAQ:META,494.96,495.54,493.09,493.6,59669.0
NASDAQ:META,493.54,494.05,492.2,493.07,57468.0
NASDAQ:META,493.09,495.57,492.98,494.92,42234.0
NASDAQ:META,494.92,495.3,492.7,493.61,46911.0
NASDAQ:META,493.53,494.76,493.5,493.98,28136.0
NASDAQ:META,493.94,494.09,493.55,493.9,32358.0
NASDAQ:META,493.99,495.04,493.55,493.88,35574.0
NASDAQ:META,494.05,494.26,492.54,493.0,35450.0
NASDAQ:META,492.97,493.34,492.5,492.72,28962.0
NASDAQ:META,492.65,492.82,490.32,490.5,47822.0
NASDAQ:META,490.46,491.08,489.79,489.95,69667.0
NASDAQ:META,489.96,490.51,489.46,490.45,34491.0
NASDAQ:META,490.33,490.69,488.96,489.95,50794.0
NASDAQ:META,490.0,490.28,488.95,489.61,35181.0
NASDAQ:META,489.61,489.61,488.13,488.18,49662.0
NASDAQ:META,488.26,489.53,488.11,488.14,45283.0
NASDAQ:META,488.17,489.17,488.145,489.0,28624.0
NASDAQ:META,489.03,490.02,489.03,489.65,33639.0
NASDAQ:META,489.6,490.58,489.33,490.54,21031.0
NASDAQ:META,490.5,491.44,489.58,490.1,36531.0
NASDAQ:META,490.12,490.47,488.11,489.24,35298.0
NASDAQ:META,489.33,490.8,489.33,490.33,29463.0
NASDAQ:META,490.32,491.35,489.91,491.2,28830.0
NASDAQ:META,491.23,491.37,490.44,491.01,21713.0
NASDAQ:META,490.88,491.17,490.08,490.565,25437.0
NASDAQ:META,490.56,490.56,489.9,490.0,13772.0
NASDAQ:META,490.05,491.03,490.05,490.98,25222.0
NASDAQ:META,490.98,491.59,490.75,491.19,15326.0
NASDAQ:META,491.14,491.71,490.94,491.11,13361.0
NASDAQ:META,491.07,491.63,490.96,491.315,11273.0
NASDAQ:META,491.37,491.62,491.0,491.27,14106.0
NASDAQ:META,491.25,493.57,491.04,493.35,50916.0
NASDAQ:META,493.27,494.4,492.92,493.87,40306.0
NASDAQ:META,493.88,493.9,492.85,493.36,14414.0
NASDAQ:META,493.15,493.15,491.51,492.24,19651.0
NASDAQ:META,492.2,493.47,492.2,492.97,11454.0
NASDAQ:META,492.97,493.31,491.79,492.15,13916.0
NASDAQ:META,492.18,492.33,491.97,492.04,8990.0
NASDAQ:META,492.03,492.16,491.48,491.81,12277.0
NASDAQ:META,491.87,492.81,491.78,491.93,12623.0
NASDAQ:META,492.02,492.78,491.655,492.74,10961.0
NASDAQ:META,492.74,493.27,492.67,492.99,11292.0
NASDAQ:META,492.99,493.05,492.41,492.75,11706.0
NASDAQ:META,492.75,492.75,491.8,492.3,11951.0
NASDAQ:META,492.35,492.7,491.94,492.18,8078.0
NASDAQ:META,492.17,492.44,491.71,491.84,7686.0
NASDAQ:META,491.9,491.95,491.0,491.55,12037.0
NASDAQ:META,491.55,491.57,490.99,491.15,12262.0
NASDAQ:META,491.03,491.75,491.0,491.25,11200.0
NASDAQ:META,491.28,491.58,490.47,490.61,16729.0
NASDAQ:META,490.59,490.61,489.62,489.66,30002.0
NASDAQ:META,489.71,489.94,489.43,489.64,15902.0
NASDAQ:META,489.69,489.9,489.29,489.35,12711.0
NASDAQ:META,489.33,489.46,488.82,489.01,15443.0
NASDAQ:META,488.95,489.52,488.75,489.2,16384.0
NASDAQ:META,489.17,489.61,488.95,489.38,14801.0
NASDAQ:META,489.42,490.4,489.39,490.14,12022.0
NASDAQ:META,490.04,490.675,489.89,489.93,9827.0
NASDAQ:META,489.94,490.32,489.51,490.21,7647.0
NASDAQ:META,490.26,490.58,490.06,490.29,10965.0
NASDAQ:META,490.26,490.33,489.6,489.85,12917.0
NASDAQ:META,489.89,490.2,489.16,489.365,15007.0
NASDAQ:META,489.4,489.47,488.75,488.82,17679.0
NASDAQ:META,488.8,489.54,488.39,489.43,18149.0
NASDAQ:META,489.43,490.14,489.14,489.25,16145.0
NASDAQ:META,489.23,490.0,489.18,489.84,16031.0
NASDAQ:META,489.89,490.31,489.8,490.15,10897.0
NASDAQ:META,490.22,490.53,489.7,490.01,20847.0
NASDAQ:META,490.0,490.35,489.0,489.05,14844.0
NASDAQ:META,489.16,489.52,488.98,489.13,18897.0
NASDAQ:META,489.14,489.63,488.75,489.2,19999.0
NASDAQ:META,489.15,489.19,488.25,488.44,16656.0
NASDAQ:META,488.45,488.75,488.03,488.64,27836.0
NASDAQ:META,488.6,488.82,488.2,488.25,23015.0
NASDAQ:META,488.29,488.96,487.89,488.86,30831.0
NASDAQ:META,488.76,489.33,488.6,489.26,21228.0
NASDAQ:META,489.59,490.17,488.63,489.85,49429.0
NASDAQ:META,489.44,490.9,489.35,490.23,54491.0
NASDAQ:META,497.57,501.75,497.55,499.0,141236.0
NASDAQ:META,498.89,500.81,498.3,500.78,56182.0
NASDAQ:META,500.65,502.96,500.4,502.24,89913.0
NASDAQ:META,502.24,502.54,500.76,501.0,37802.0
NASDAQ:META,501.0,502.15,500.14,500.39,47811.0
NASDAQ:META,500.37,500.75,498.59,499.57,37626.0
NASDAQ:META,499.34,499.35,496.52,496.52,46427.0
NASDAQ:META,496.62,497.85,496.3,496.85,31349.0
NASDAQ:META,496.91,497.4,495.42,496.76,36161.0
NASDAQ:META,496.75,497.61,496.48,496.8,30362.0
NASDAQ:META,496.8,497.13,495.81,495.935,19513.0
NASDAQ:META,495.98,496.09,494.54,495.38,26959.0
NASDAQ:META,495.32,496.1,494.34,496.09,18980.0
NASDAQ:META,496.0,496.0,495.23,495.49,24222.0
NASDAQ:META,495.39,496.26,495.21,496.26,12492.0
NASDAQ:META,496.24,497.5,496.2,497.5,23412.0
NASDAQ:META,497.5,498.43,497.455,498.13,19719.0
NASDAQ:META,498.17,498.96,498.17,498.41,22082.0
NASDAQ:META,498.39,499.625,498.3,498.48,17709.0
NASDAQ:META,498.4,499.2,497.89,499.04,13652.0
NASDAQ:META,499.12,499.32,498.29,498.68,15333.0
NASDAQ:META,498.6,498.89,497.9,498.0,16343.0
NASDAQ:META,498.03,498.07,497.37,497.69,15342.0
NASDAQ:META,497.73,498.0,496.92,497.1,22445.0
NASDAQ:META,497.09,497.55,496.62,497.18,15051.0
NASDAQ:META,497.24,497.64,497.04,497.22,11393.0
NASDAQ:META,497.25,497.43,496.9,497.07,12000.0
NASDAQ:META,497.0,497.34,496.88,497.34,10804.0
NASDAQ:META,497.34,498.07,497.34,497.73,12877.0
NASDAQ:META,497.77,498.05,497.4,497.41,14185.0
NASDAQ:META,497.49,498.04,497.47,497.96,14092.0
NASDAQ:META,497.96,498.89,497.96,498.8,14902.0
NASDAQ:META,498.85,499.77,498.65,499.16,16874.0
NASDAQ:META,499.05,499.085,498.37,498.37,11702.0
NASDAQ:META,498.41,498.45,498.1,498.31,9128.0
NASDAQ:META,498.33,498.57,497.75,498.03,11508.0
NASDAQ:META,498.0,498.5,497.77,497.94,7767.0
NASDAQ:META,497.94,498.14,497.75,497.82,13660.0
NASDAQ:META,497.85,498.09,497.56,497.89,11818.0
NASDAQ:META,497.82,497.82,497.24,497.42,9818.0
NASDAQ:META,497.4,497.86,497.3,497.53,7832.0
NASDAQ:META,497.57,498.0,497.4,497.72,6027.0
NASDAQ:META,497.76,498.06,497.65,497.96,7345.0
NASDAQ:META,497.93,498.22,497.74,498.08,9768.0
NASDAQ:META,498.02,498.26,497.5,497.53,11708.0
NASDAQ:META,497.68,497.96,497.35,497.55,5136.0
NASDAQ:META,497.6,498.17,497.46,498.01,8244.0
NASDAQ:META,498.08,498.16,497.73,498.05,10840.0
NASDAQ:META,498.1,498.14,495.66,496.01,29479.0
NASDAQ:META,496.01,496.38,494.64,496.36,20203.0
NASDAQ:META,496.37,497.29,496.36,497.28,18133.0
NASDAQ:META,497.34,497.39,495.53,495.56,15597.0
NASDAQ:META,495.47,496.21,495.09,495.56,13401.0
NASDAQ:META,495.74,496.99,495.67,496.56,10447.0
NASDAQ:META,496.55,496.55,495.55,495.98,18693.0
NASDAQ:META,495.9,497.05,495.9,496.87,15696.0
NASDAQ:META,496.89,497.21,495.65,495.95,17352.0
NASDAQ:META,496.08,496.385,495.0,496.29,12044.0
NASDAQ:META,496.11,497.5,496.1,496.97,16306.0
NASDAQ:META,497.03,497.88,496.75,497.8,13481.0
NASDAQ:META,497.85,498.385,496.6,497.36,18708.0
NASDAQ:META,497.23,497.37,496.68,497.18,8004.0
NASDAQ:META,497.14,498.23,496.7,498.14,18160.0
NASDAQ:META,498.02,498.02,496.68,496.92,19656.0
NASDAQ:META,496.81,497.79,496.81,497.72,11835.0
NASDAQ:META,497.695,497.72,496.35,497.54,14944.0
NASDAQ:META,497.47,497.5,496.61,497.3,19954.0
NASDAQ:META,497.26,497.9,497.14,497.61,12235.0
NASDAQ:META,497.59,497.96,496.08,496.36,11887.0
NASDAQ:META,496.43,497.25,495.97,496.04,21709.0
NASDAQ:META,496.03,496.38,495.38,495.67,19461.0
NASDAQ:META,495.57,495.87,495.25,495.61,12729.0
NASDAQ:META,495.65,496.13,495.18,495.59,23987.0
NASDAQ:META,495.62,496.62,495.29,496.37,33716.0
NASDAQ:META,496.28,496.95,496.23,496.585,20745.0
NASDAQ:META,496.55,496.96,496.28,496.81,18497.0
NASDAQ:META,496.81,497.09,495.98,497.04,53970.0
NASDAQ:META,497.06,497.29,496.04,496.09,45908.0
NASDAQ:META,503.0,503.9,501.39,502.25,60886.0
NASDAQ:META,502.13,505.9,502.0,505.3,96813.0
NASDAQ:META,505.3,505.34,503.41,503.95,35613.0
NASDAQ:META,503.81,505.35,502.3,505.22,55481.0
NASDAQ:META,505.17,508.38,504.98,507.97,104849.0
NASDAQ:META,507.88,508.83,506.41,506.74,74047.0
NASDAQ:META,506.65,507.04,505.77,505.96,42467.0
NASDAQ:META,505.94,506.6,505.79,506.17,43397.0
NASDAQ:META,506.3,507.26,505.75,506.41,34053.0
NASDAQ:META,506.49,507.53,506.26,506.97,39402.0
NASDAQ:META,507.02,507.98,506.82,507.64,37759.0
NASDAQ:META,507.64,508.69,507.31,508.0,29111.0
NASDAQ:META,508.0,508.11,507.0,507.71,17602.0
NASDAQ:META,507.63,509.08,506.95,508.95,29170.0
NASDAQ:META,509.0,509.48,508.41,508.75,29679.0
NASDAQ:META,508.84,509.9,508.63,509.61,36275.0
NASDAQ:META,509.62,509.79,508.03,508.3,18684.0
NASDAQ:META,508.31,508.32,506.88,507.3,28745.0
NASDAQ:META,507.23,507.54,506.72,506.78,21145.0
NASDAQ:META,506.99,508.46,506.99,508.24,21489.0
NASDAQ:META,508.37,508.72,507.9,508.68,10313.0
NASDAQ:META,508.6,509.52,508.6,509.45,23278.0
NASDAQ:META,509.51,510.38,509.21,510.38,52952.0
NASDAQ:META,510.32,511.57,510.24,511.38,48202.0
NASDAQ:META,511.36,511.41,509.79,509.8,32503.0
NASDAQ:META,509.86,511.81,509.75,511.67,24016.0
NASDAQ:META,511.73,512.43,511.64,512.34,33427.0
NASDAQ:META,512.4,513.35,511.78,512.86,41866.0
NASDAQ:META,512.97,514.26,512.95,513.9,48000.0
NASDAQ:META,513.93,514.48,513.64,514.15,37215.0
NASDAQ:META,514.18,515.78,513.58,515.78,50548.0
NASDAQ:META,515.75,518.02,515.66,517.91,80136.0
NASDAQ:META,517.97,519.07,517.37,517.73,95396.0
NASDAQ:META,517.8,519.83,517.11,517.61,93098.0
NASDAQ:META,517.58,518.23,516.18,516.68,63261.0
NASDAQ:META,516.68,518.39,516.68,517.41,26293.0
NASDAQ:META,517.4,517.4,515.85,516.52,25695.0
NASDAQ:META,516.5,517.3,516.17,516.44,31605.0
NASDAQ:META,516.38,516.38,515.2,516.0,33485.0
NASDAQ:META,516.05,516.14,515.15,515.26,28738.0
NASDAQ:META,515.3,515.86,514.92,515.51,24201.0
NASDAQ:META,515.55,515.68,513.57,513.76,35314.0
NASDAQ:META,513.75,514.66,513.61,513.85,43694.0
NASDAQ:META,513.89,514.06,512.87,513.49,45892.0
NASDAQ:META,513.48,513.78,512.76,513.25,22857.0
NASDAQ:META,513.28,514.24,512.8,512.84,26992.0
NASDAQ:META,512.75,513.12,512.45,513.0,14217.0
NASDAQ:META,513.0,513.79,512.83,513.7,23844.0
NASDAQ:META,513.8,514.7,513.02,514.46,29284.0
NASDAQ:META,514.55,514.79,513.32,513.42,23363.0
NASDAQ:META,513.37,513.37,512.2,513.2,24698.0
NASDAQ:META,513.23,513.42,512.42,512.54,17533.0
NASDAQ:META,512.57,512.92,512.0,512.77,18933.0
NASDAQ:META,512.82,513.32,512.48,512.89,17357.0
NASDAQ:META,512.91,513.01,511.57,512.58,18999.0
NASDAQ:META,512.55,512.92,511.94,512.34,31454.0
NASDAQ:META,512.49,513.55,512.42,513.16,16663.0
NASDAQ:META,513.19,513.3,512.52,512.9,11957.0
NASDAQ:META,512.88,513.17,512.35,512.35,15858.0
NASDAQ:META,512.31,512.61,511.81,512.01,11051.0
NASDAQ:META,511.92,512.16,511.3,512.13,15547.0
NASDAQ:META,512.03,512.56,511.98,512.47,23287.0
NASDAQ:META,512.41,512.64,511.97,512.07,11971.0
NASDAQ:META,512.07,512.9,512.02,512.8,16874.0
NASDAQ:META,512.77,512.87,512.33,512.64,9420.0
NASDAQ:META,512.59,512.65,510.16,510.55,35561.0
NASDAQ:META,510.44,510.44,508.66,510.07,27796.0
NASDAQ:META,510.04,510.83,509.86,510.43,13919.0
NASDAQ:META,510.36,510.71,509.9,510.46,14868.0
NASDAQ:META,510.4,510.71,510.05,510.19,10919.0
NASDAQ:META,510.05,510.98,509.7,510.91,16574.0
NASDAQ:META,510.91,511.38,510.51,510.68,17414.0
NASDAQ:META,510.73,512.08,510.68,512.08,20995.0
NASDAQ:META,511.99,512.08,511.18,511.29,18979.0
NASDAQ:META,511.29,513.21,511.16,513.07,32394.0
NASDAQ:META,513.1,513.72,512.33,512.54,38044.0
NASDAQ:META,512.525,512.65,511.46,512.2,29190.0
NASDAQ:META,512.11,512.86,511.85,511.96,65913.0
NASDAQ:META,514.19,518.47,512.6,518.17,104735.0
NASDAQ:META,518.11,518.35,516.04,516.83,64966.0
NASDAQ:META,517.0,518.36,517.0,517.66,51337.0
NASDAQ:META,517.54,519.4,516.44,517.33,64005.0
NASDAQ:META,517.5,517.85,516.85,517.5,36172.0
NASDAQ:META,517.62,519.7,517.5,519.52,50881.0
NASDAQ:META,519.55,520.48,518.92,519.57,68477.0
NASDAQ:META,519.75,522.32,519.65,522.2,80086.0
NASDAQ:META,522.25,523.57,521.82,522.99,77962.0
NASDAQ:META,523.0,523.25,521.74,522.5,46126.0
NASDAQ:META,522.6,523.46,520.59,520.82,49320.0
NASDAQ:META,520.85,521.25,519.83,520.97,32997.0
NASDAQ:META,521.04,521.25,519.01,520.05,23134.0
NASDAQ:META,519.98,520.08,517.58,517.8,41002.0
NASDAQ:META,517.83,519.815,517.05,519.64,36192.0
NASDAQ:META,519.65,519.69,517.64,519.3,29263.0
NASDAQ:META,519.295,519.295,518.06,518.9,16054.0
NASDAQ:META,518.86,519.58,518.59,518.61,23988.0
NASDAQ:META,518.63,518.65,516.55,516.69,30065.0
NASDAQ:META,516.51,516.78,514.24,514.56,41239.0
NASDAQ:META,514.4,515.02,513.5,514.87,23812.0
NASDAQ:META,514.84,514.84,513.18,514.27,49698.0
NASDAQ:META,514.28,514.67,512.8,512.8,29568.0
NASDAQ:META,512.77,512.92,510.19,510.8,44474.0
NASDAQ:META,510.72,511.53,507.83,510.26,82112.0
NASDAQ:META,510.19,511.47,509.8,511.34,25918.0
NASDAQ:META,511.35,511.99,511.33,511.99,20948.0
NASDAQ:META,511.95,511.99,507.87,509.98,45914.0
NASDAQ:META,509.81,510.0,508.67,509.23,28242.0
NASDAQ:META,509.4,509.99,508.8,509.07,17235.0
NASDAQ:META,509.04,509.9,507.9,508.43,35781.0
NASDAQ:META,508.42,509.61,506.64,507.51,23486.0
NASDAQ:META,507.7,508.0,506.32,507.67,23316.0
NASDAQ:META,507.8,508.0,505.66,505.75,25929.0
NASDAQ:META,505.87,506.9,505.68,506.45,19895.0
NASDAQ:META,506.51,508.0,506.46,507.98,16889.0
NASDAQ:META,507.93,508.49,507.6,508.37,12204.0
NASDAQ:META,508.35,508.39,507.37,508.12,7763.0
NASDAQ:META,508.29,508.4,507.63,508.22,10626.0
NASDAQ:META,508.11,508.21,507.2,507.2,10725.0
NASDAQ:META,507.36,507.65,505.54,505.6,26839.0
NASDAQ:META,505.69,505.71,503.64,503.76,48953.0
NASDAQ:META,503.72,504.53,503.46,503.46,27361.0
NASDAQ:META,503.485,503.75,502.26,503.72,37827.0
NASDAQ:META,503.72,504.5,503.03,503.34,23335.0
NASDAQ:META,503.31,504.49,503.08,504.27,16476.0
NASDAQ:META,504.01,504.38,501.0,501.6,21794.0
NASDAQ:META,501.47,503.35,501.32,502.25,13387.0
NASDAQ:META,502.19,502.7,501.28,501.28,23386.0
NASDAQ:META,501.42,501.49,500.31,500.46,21414.0
NASDAQ:META,500.49,500.76,499.37,499.955,33069.0
NASDAQ:META,499.98,501.23,499.73,500.89,24623.0
NASDAQ:META,500.92,501.0,499.41,500.03,26659.0
NASDAQ:META,500.05,501.55,499.41,501.27,31941.0
NASDAQ:META,501.22,502.96,500.995,502.93,18353.0
NASDAQ:META,502.97,503.45,502.35,503.37,16158.0
NASDAQ:META,503.29,503.89,502.01,502.29,19191.0
NASDAQ:META,502.5,502.99,502.21,502.54,14730.0
NASDAQ:META,502.45,504.32,502.36,504.23,21328.0
NASDAQ:META,504.23,504.56,503.55,503.86,17602.0
NASDAQ:META,503.87,505.21,503.85,504.86,18534.0
NASDAQ:META,504.85,505.91,504.78,505.58,17196.0
NASDAQ:META,505.56,507.36,505.55,507.29,36738.0
NASDAQ:META,507.38,507.43,506.19,507.14,20578.0
NASDAQ:META,507.2,508.29,506.9,506.94,35453.0
NASDAQ:META,506.99,507.88,506.89,506.94,25206.0
NASDAQ:META,506.85,507.36,506.08,506.48,19848.0
NASDAQ:META,506.47,506.53,505.46,505.82,11666.0
NASDAQ:META,505.74,506.24,504.95,506.09,13062.0
NASDAQ:META,505.92,506.23,505.38,505.69,18961.0
NASDAQ:META,505.7,506.78,505.53,506.71,15889.0
NASDAQ:META,506.77,507.09,503.68,503.79,20245.0
NASDAQ:META,503.94,505.6,503.69,505.03,21407.0
NASDAQ:META,505.07,505.16,504.0,504.0,21629.0
NASDAQ:META,504.04,505.12,504.04,505.07,20491.0
NASDAQ:META,505.13,505.75,504.89,505.16,25138.0
NASDAQ:META,505.29,506.31,504.78,505.5,35447.0
NASDAQ:META,505.42,506.29,505.42,505.95,47708.0
NASDAQ:META,497.8,497.96,483.55,483.9,150506.0
NASDAQ:META,484.0,491.4,483.15,487.1,94907.0
NASDAQ:META,487.13,488.93,485.1,485.67,77513.0
NASDAQ:META,485.6,487.35,485.09,486.1,55581.0
NASDAQ:META,486.15,486.42,483.15,483.37,68658.0
NASDAQ:META,483.47,484.15,478.62,480.88,110892.0
NASDAQ:META,481.14,482.7,476.0,478.76,97325.0
NASDAQ:META,478.45,482.81,478.0,481.57,81827.0
NASDAQ:META,481.63,481.76,477.88,478.95,90800.0
NASDAQ:META,478.92,480.59,478.21,479.4,59042.0
NASDAQ:META,479.5,480.04,476.87,477.5,60001.0
NASDAQ:META,477.74,479.1,476.39,479.1,67645.0
NASDAQ:META,479.31,483.96,479.31,483.17,91391.0
NASDAQ:META,483.16,484.86,481.88,482.27,43646.0
NASDAQ:META,482.195,484.66,481.93,483.91,34365.0
NASDAQ:META,483.845,486.1,482.98,485.25,86431.0
NASDAQ:META,485.225,488.26,485.0,488.01,80039.0
NASDAQ:META,487.99,488.85,487.0,487.2,70001.0
NASDAQ:META,487.1,489.32,486.28,488.7,48533.0
NASDAQ:META,488.81,489.33,485.57,486.63,39708.0
NASDAQ:META,486.45,486.56,484.87,486.23,25414.0
NASDAQ:META,486.35,487.44,486.0,487.38,15558.0
NASDAQ:META,487.29,487.34,485.78,485.78,18744.0
NASDAQ:META,485.75,486.24,484.68,484.76,20244.0
NASDAQ:META,484.75,484.75,483.53,484.03,28083.0
NASDAQ:META,484.23,486.0,484.16,485.61,18377.0
NASDAQ:META,485.67,486.61,485.16,486.55,18665.0
NASDAQ:META,486.65,488.2,486.57,487.51,18984.0
NASDAQ:META,487.57,488.75,487.16,487.24,19346.0
NASDAQ:META,487.12,488.84,487.12,488.46,16851.0
NASDAQ:META,488.39,488.45,485.93,486.36,13172.0
NASDAQ:META,486.31,487.04,486.23,486.69,9119.0
NASDAQ:META,486.63,486.63,485.68,486.17,18631.0
NASDAQ:META,486.1,487.35,486.05,487.2,10842.0
NASDAQ:META,487.2,488.24,486.92,488.24,11803.0
NASDAQ:META,488.13,488.14,486.5,486.54,30181.0
NASDAQ:META,486.59,487.34,486.59,487.34,11744.0
NASDAQ:META,487.35,487.73,485.88,486.24,15286.0
NASDAQ:META,486.13,487.16,485.8,485.8,10459.0
NASDAQ:META,485.96,486.14,485.15,485.18,13687.0
NASDAQ:META,485.15,486.2,484.85,486.08,16344.0
NASDAQ:META,486.18,487.0,485.96,486.92,11167.0
NASDAQ:META,486.82,487.22,485.75,486.0,19306.0
NASDAQ:META,486.06,486.26,485.39,486.04,9208.0
NASDAQ:META,486.0,486.03,485.5,485.64,6910.0
NASDAQ:META,485.67,486.46,485.58,485.69,10842.0
NASDAQ:META,485.76,486.63,485.72,486.46,10205.0
NASDAQ:META,486.45,486.98,486.45,486.81,8368.0
NASDAQ:META,486.86,487.16,486.59,486.76,10203.0
NASDAQ:META,486.66,486.8,485.48,485.66,14948.0
NASDAQ:META,485.65,486.01,484.25,484.35,20157.0
NASDAQ:META,484.26,484.81,483.55,484.27,17387.0
NASDAQ:META,484.15,484.98,484.09,484.82,9076.0
NASDAQ:META,484.83,486.09,484.83,486.0,14069.0
NASDAQ:META,486.05,486.28,485.14,486.25,21535.0
NASDAQ:META,486.3,486.77,486.09,486.45,10985.0
NASDAQ:META,486.43,487.05,486.22,486.7,23108.0
NASDAQ:META,486.78,487.69,486.78,487.52,16536.0
NASDAQ:META,487.5,487.56,486.9,487.43,15401.0
NASDAQ:META,487.41,487.5,486.63,487.04,8183.0
NASDAQ:META,487.13,487.3,486.2,486.33,8646.0
NASDAQ:META,486.32,486.32,485.66,485.95,16667.0
NASDAQ:META,485.94,486.85,485.64,486.5,16075.0
NASDAQ:META,486.57,486.7,486.22,486.68,8032.0
NASDAQ:META,486.69,487.21,486.3,486.3,10847.0
NASDAQ:META,486.25,486.45,485.81,486.1,19513.0
NASDAQ:META,486.07,486.27,485.55,486.14,11426.0
NASDAQ:META,486.2,486.4,485.36,485.36,11026.0
NASDAQ:META,485.35,485.45,483.97,484.0,19285.0
NASDAQ:META,484.07,484.55,483.9,484.06,12569.0
NASDAQ:META,484.0,484.73,483.98,484.01,14771.0
NASDAQ:META,484.07,484.22,483.49,483.76,12717.0
NASDAQ:META,483.72,484.48,483.72,483.9,28208.0
NASDAQ:META,483.97,484.24,483.1,483.18,31127.0
NASDAQ:META,483.12,484.42,483.09,484.19,18631.0
NASDAQ:META,484.29,484.79,483.63,483.73,36247.0
NASDAQ:META,483.77,483.84,482.5,482.87,53907.0
NASDAQ:META,482.77,483.9,482.68,483.72,71816.0
NASDAQ:META,493.39,494.8,486.1,486.11,105611.0
NASDAQ:META,486.12,488.12,484.75,487.23,69692.0
NASDAQ:META,487.05,490.4,486.34,488.01,73840.0
NASDAQ:META,487.97,488.7,486.37,488.41,41662.0
NASDAQ:META,488.42,491.54,488.17,490.59,87584.0
NASDAQ:META,490.64,494.42,490.5,494.42,82746.0
NASDAQ:META,494.46,494.77,492.13,493.31,60666.0
NASDAQ:META,493.53,495.85,493.25,493.59,52632.0
NASDAQ:META,493.76,495.43,493.76,494.29,26066.0
NASDAQ:META,494.31,495.96,493.8,494.0,34100.0
NASDAQ:META,494.08,495.87,493.86,495.47,27160.0
NASDAQ:META,495.48,496.7,494.81,496.35,40481.0
NASDAQ:META,496.51,498.48,496.49,497.55,49822.0
NASDAQ:META,497.51,498.87,497.3,497.62,32074.0
NASDAQ:META,497.69,498.75,497.28,498.7,22578.0
NASDAQ:META,498.64,500.39,498.63,500.39,54487.0
NASDAQ:META,500.42,502.31,499.43,499.61,48805.0
NASDAQ:META,499.5,499.505,496.89,497.28,23283.0
NASDAQ:META,497.51,498.59,496.8,497.06,16600.0
NASDAQ:META,497.1,498.7,496.66,498.62,13003.0
NASDAQ:META,498.67,499.53,498.65,499.45,23924.0
NASDAQ:META,499.42,499.85,498.94,498.94,12097.0
NASDAQ:META,498.9,500.71,498.85,500.66,19561.0
NASDAQ:META,500.65,501.59,500.63,501.59,26103.0
NASDAQ:META,501.59,501.68,499.62,500.85,18984.0
NASDAQ:META,500.77,500.78,498.75,498.81,16736.0
NASDAQ:META,498.86,498.91,497.41,498.06,20789.0
NASDAQ:META,498.03,498.34,497.5,497.7,13654.0
NASDAQ:META,497.76,498.5,497.14,497.28,14966.0
NASDAQ:META,497.18,497.28,496.35,496.53,18756.0
NASDAQ:META,496.55,496.58,494.84,495.18,29575.0
NASDAQ:META,495.15,497.07,495.13,496.68,24257.0
NASDAQ:META,496.79,497.39,496.66,497.3,13912.0
NASDAQ:META,497.23,497.23,493.96,494.0,31289.0
NASDAQ:META,494.01,494.65,493.03,493.25,27013.0
NASDAQ:META,493.295,494.9,492.8,494.51,28710.0
NASDAQ:META,494.46,494.75,493.68,494.5,18244.0
NASDAQ:META,494.47,494.57,493.23,493.32,20746.0
NASDAQ:META,493.28,494.46,492.99,494.4,10877.0
NASDAQ:META,494.27,494.45,493.23,494.19,12425.0
NASDAQ:META,494.12,495.0,493.95,494.96,21659.0
NASDAQ:META,494.95,495.18,493.4,494.01,20706.0
NASDAQ:META,494.11,495.0,493.73,493.9,12454.0
NASDAQ:META,493.75,494.0,492.6,492.87,12929.0
NASDAQ:META,492.8,493.84,492.7,493.57,12032.0
NASDAQ:META,493.57,494.82,493.37,494.75,9862.0
NASDAQ:META,494.75,495.4,494.66,495.07,13108.0
NASDAQ:META,495.12,495.5,494.7,494.76,10756.0
NASDAQ:META,494.8,495.59,494.8,495.49,8373.0
NASDAQ:META,495.41,495.6,494.55,494.55,12361.0
NASDAQ:META,494.52,495.11,494.45,494.96,7957.0
NASDAQ:META,495.0,495.25,494.54,494.63,10390.0
NASDAQ:META,494.59,494.63,493.78,493.8,11609.0
NASDAQ:META,493.83,494.82,493.59,494.69,8328.0
NASDAQ:META,494.69,494.73,493.79,493.8,13986.0
NASDAQ:META,493.88,494.43,493.57,494.13,9518.0
NASDAQ:META,494.125,495.35,494.12,494.52,12778.0
NASDAQ:META,494.64,495.2,494.11,495.2,10857.0
NASDAQ:META,495.2,496.38,495.17,496.37,11619.0
NASDAQ:META,496.34,496.6,495.74,496.6,10201.0
NASDAQ:META,496.62,497.605,496.28,497.54,14996.0
NASDAQ:META,497.52,497.8,497.26,497.3,20169.0
NASDAQ:META,497.355,497.83,496.59,496.68,13420.0
NASDAQ:META,496.74,498.25,496.74,498.22,17546.0
NASDAQ:META,498.13,499.04,497.93,498.92,16732.0
NASDAQ:META,498.98,499.67,498.72,499.67,29794.0
NASDAQ:META,499.63,499.74,497.7,498.46,15608.0
NASDAQ:META,498.38,498.56,497.64,497.81,10447.0
NASDAQ:META,497.81,498.18,497.56,497.87,11499.0
NASDAQ:META,497.81,497.9,497.05,497.44,12749.0
NASDAQ:META,497.41,498.77,497.4,498.62,18295.0
NASDAQ:META,498.545,499.24,498.47,498.63,16745.0
NASDAQ:META,498.55,498.8,498.08,498.12,16201.0
NASDAQ:META,498.08,499.0,497.65,498.88,15118.0
NASDAQ:META,498.92,499.9,498.82,499.72,32992.0
NASDAQ:META,499.72,500.36,499.3,500.14,49738.0
NASDAQ:META,500.08,501.78,499.95,500.82,60469.0
NASDAQ:META,500.78,501.15,499.56,499.79,53524.0
NASDAQ:META,495.25,496.88,494.15,494.42,43736.0
NASDAQ:META,494.35,495.89,493.84,495.705,40598.0
NASDAQ:META,495.6,497.62,494.95,495.7,50012.0
NASDAQ:META,495.85,495.93,491.55,492.26,62222.0
NASDAQ:META,492.39,493.6,491.03,491.31,46606.0
NASDAQ:META,491.29,493.41,491.08,492.81,24237.0
NASDAQ:META,492.75,493.83,491.81,493.58,23356.0
NASDAQ:META,493.57,495.37,493.48,495.12,25214.0
NASDAQ:META,495.28,496.51,494.51,495.56,34325.0
NASDAQ:META,495.43,495.62,494.0,494.09,23366.0
NASDAQ:META,494.11,495.1,493.04,495.08,22906.0
NASDAQ:META,495.25,495.55,494.31,495.05,12099.0
NASDAQ:META,494.88,496.65,494.88,496.07,24954.0
NASDAQ:META,496.18,496.4,494.22,496.0,25975.0
NASDAQ:META,496.07,500.7,495.88,500.7,55563.0
NASDAQ:META,500.53,500.97,497.01,497.26,54291.0
NASDAQ:META,497.42,497.7,494.2,494.67,28318.0
NASDAQ:META,494.42,495.14,493.17,494.42,47821.0
NASDAQ:META,494.31,496.07,493.98,496.01,22191.0
NASDAQ:META,496.0,496.35,494.5,495.25,18665.0
NASDAQ:META,495.35,495.42,494.16,494.4,17330.0
NASDAQ:META,494.25,496.04,494.22,495.49,21224.0
NASDAQ:META,495.6,496.2,494.99,495.34,16523.0
NASDAQ:META,495.35,495.49,494.31,494.33,16788.0
NASDAQ:META,494.39,495.5,493.8,495.09,22043.0
NASDAQ:META,495.12,495.45,494.35,494.43,7833.0
NASDAQ:META,494.47,494.7,492.56,493.37,20401.0
NASDAQ:META,493.45,494.07,493.25,493.94,11970.0
NASDAQ:META,494.0,495.41,493.97,495.41,20854.0
NASDAQ:META,495.44,496.61,495.43,496.41,30119.0
NASDAQ:META,496.35,496.46,495.18,495.87,12378.0
NASDAQ:META,495.75,496.3,495.15,495.28,13900.0
NASDAQ:META,495.4,496.0,495.11,495.67,6993.0
NASDAQ:META,495.7,496.31,495.7,496.11,11775.0
NASDAQ:META,496.09,496.78,495.92,496.7,12044.0
NASDAQ:META,496.7,496.95,495.94,496.1,9644.0
NASDAQ:META,496.03,496.49,495.31,495.83,7404.0
NASDAQ:META,495.94,496.3,495.4,496.05,8268.0
NASDAQ:META,496.16,496.7,496.06,496.58,7780.0
NASDAQ:META,496.63,496.99,496.6,496.85,7244.0
NASDAQ:META,496.88,497.46,496.75,496.85,13104.0
NASDAQ:META,496.99,497.08,496.63,496.83,6675.0
NASDAQ:META,496.83,497.87,496.81,497.08,12559.0
NASDAQ:META,497.05,498.05,497.0,497.44,10868.0
NASDAQ:META,497.6,497.84,496.61,496.825,9893.0
NASDAQ:META,496.8,496.85,495.87,496.06,14131.0
NASDAQ:META,496.125,496.6,495.95,496.52,5824.0
NASDAQ:META,496.6,497.24,496.6,497.2,12205.0
NASDAQ:META,497.25,497.53,496.07,496.12,9442.0
NASDAQ:META,496.24,497.0,496.15,496.63,9061.0
NASDAQ:META,496.76,497.14,496.52,496.52,8164.0
NASDAQ:META,496.63,497.92,496.5,497.51,9576.0
NASDAQ:META,497.59,498.24,497.44,498.05,12626.0
NASDAQ:META,498.16,498.27,497.1,497.1,6618.0
NASDAQ:META,497.01,497.6,496.75,496.9,7140.0
NASDAQ:META,496.98,497.52,496.9,497.15,10657.0
NASDAQ:META,497.15,497.32,496.77,497.06,7795.0
NASDAQ:META,497.0,497.37,496.74,496.84,7111.0
NASDAQ:META,496.85,497.47,496.81,497.1,5311.0
NASDAQ:META,497.05,497.37,497.04,497.22,4582.0
NASDAQ:META,497.33,497.67,497.21,497.47,7258.0
NASDAQ:META,497.38,497.59,496.92,497.39,7133.0
NASDAQ:META,497.33,498.24,496.74,496.81,15580.0
NASDAQ:META,496.93,497.33,496.6,497.2,11315.0
NASDAQ:META,497.27,497.95,497.27,497.32,15526.0
NASDAQ:META,497.37,497.65,496.64,496.7,14770.0
NASDAQ:META,496.64,497.23,496.64,497.11,8491.0
NASDAQ:META,497.05,497.11,496.62,496.9,13759.0
NASDAQ:META,496.93,497.29,496.73,497.12,7559.0
NASDAQ:META,497.03,497.57,496.98,497.21,10103.0
NASDAQ:META,497.12,497.34,496.38,496.38,11137.0
NASDAQ:META,496.37,496.81,494.3,494.95,27199.0
NASDAQ:META,495.0,495.67,494.63,495.1,27097.0
NASDAQ:META,495.17,495.42,494.85,495.0,16221.0
NASDAQ:META,494.98,495.99,494.97,495.68,17091.0
NASDAQ:META,495.65,496.08,495.19,496.08,19423.0
NASDAQ:META,496.0,496.0,494.93,495.55,26442.0
NASDAQ:META,495.55,496.06,495.0,495.69,45750.0
NASDAQ:META,500.64,501.37,495.09,496.02,44865.0
NASDAQ:META,495.79,498.99,495.12,497.69,44093.0
NASDAQ:META,497.74,499.86,497.5,499.13,37225.0
NASDAQ:META,499.26,499.8,496.01,496.5,46853.0
NASDAQ:META,496.24,496.56,493.19,493.63,49517.0
NASDAQ:META,493.86,495.87,493.6,495.3,31652.0
NASDAQ:META,495.18,495.42,493.45,495.16,25297.0
NASDAQ:META,495.35,497.25,494.96,497.23,22655.0
NASDAQ:META,497.08,499.43,496.6,498.36,54941.0
NASDAQ:META,498.56,498.62,496.54,496.56,24341.0
NASDAQ:META,496.59,497.27,495.5,496.52,17604.0
NASDAQ:META,496.41,497.33,496.15,497.33,11293.0
NASDAQ:META,497.3,498.31,497.13,497.88,21382.0
NASDAQ:META,497.91,498.01,496.76,496.82,15458.0
NASDAQ:META,496.81,496.81,495.24,495.69,34234.0
NASDAQ:META,495.55,496.53,495.44,495.72,29408.0
NASDAQ:META,495.65,497.11,495.58,496.29,12576.0
NASDAQ:META,496.43,497.0,495.6,496.25,9986.0
NASDAQ:META,496.3,498.55,496.3,496.69,38178.0
NASDAQ:META,496.7,497.41,496.4,496.57,12973.0
NASDAQ:META,496.71,498.16,496.4,497.59,22393.0
NASDAQ:META,497.69,498.15,496.91,496.91,17637.0
NASDAQ:META,497.01,497.01,495.6,496.04,17823.0
NASDAQ:META,496.08,496.43,495.47,496.43,11683.0
NASDAQ:META,496.34,496.5,495.9,496.5,6451.0
NASDAQ:META,496.52,497.15,496.26,496.75,9719.0
NASDAQ:META,496.8,497.11,495.84,496.03,10647.0
NASDAQ:META,496.0,496.94,496.0,496.26,7004.0
NASDAQ:META,496.27,497.05,495.8,496.64,10234.0
NASDAQ:META,496.69,497.77,496.67,497.6,14868.0
NASDAQ:META,497.71,498.16,496.6,496.7,21297.0
NASDAQ:META,496.57,496.59,494.63,494.78,26964.0
NASDAQ:META,494.7,495.05,493.5,494.3,21352.0
NASDAQ:META,494.21,495.22,494.0,494.645,10275.0
NASDAQ:META,494.71,495.34,494.28,495.19,14226.0
NASDAQ:META,495.2,496.21,494.7,495.74,21325.0
NASDAQ:META,495.79,496.75,495.79,496.62,13794.0
NASDAQ:META,496.68,497.28,496.6,496.88,15309.0
NASDAQ:META,496.75,496.86,496.0,496.14,8200.0
NASDAQ:META,496.15,496.8,496.08,496.68,13741.0
NASDAQ:META,496.68,497.4,496.64,496.89,13603.0
NASDAQ:META,496.8,496.83,496.1,496.6,8336.0
NASDAQ:META,496.68,496.75,495.49,495.885,13701.0
NASDAQ:META,495.79,495.85,495.03,495.22,7812.0
NASDAQ:META,495.22,495.46,494.71,495.07,14889.0
NASDAQ:META,495.05,495.05,493.82,494.08,11895.0
NASDAQ:META,494.23,495.55,494.12,495.46,6034.0
NASDAQ:META,495.5,495.98,495.3,495.38,12832.0
NASDAQ:META,495.37,496.5,494.88,496.39,16150.0
NASDAQ:META,496.37,496.56,495.81,495.87,14106.0
NASDAQ:META,495.86,495.86,495.2,495.6,8001.0
NASDAQ:META,495.53,496.25,494.95,496.25,12473.0
NASDAQ:META,496.27,496.44,495.83,496.23,11600.0
NASDAQ:META,496.35,496.35,495.38,495.49,11416.0
NASDAQ:META,495.56,496.89,495.56,496.42,16606.0
NASDAQ:META,496.55,496.73,496.18,496.52,12756.0
NASDAQ:META,496.54,496.7,496.34,496.56,11757.0
NASDAQ:META,496.62,496.7,495.48,495.74,19745.0
NASDAQ:META,495.77,495.88,494.81,494.83,18643.0
NASDAQ:META,494.87,495.03,494.39,494.63,21554.0
NASDAQ:META,494.51,494.97,494.02,494.8,19687.0
NASDAQ:META,494.8,494.8,493.53,493.585,23937.0
NASDAQ:META,493.5,494.41,493.33,494.17,28335.0
NASDAQ:META,494.17,494.66,493.93,493.93,19445.0
NASDAQ:META,493.77,493.855,492.22,492.3,25988.0
NASDAQ:META,492.41,492.7,492.0,492.04,20643.0
NASDAQ:META,492.0,492.01,490.68,491.05,30612.0
NASDAQ:META,491.02,491.12,489.44,489.77,35836.0
NASDAQ:META,489.64,490.25,489.58,490.09,30968.0
NASDAQ:META,490.085,491.08,489.9,490.16,25217.0
NASDAQ:META,490.16,490.43,489.93,489.98,24731.0
NASDAQ:META,489.99,490.72,489.88,490.09,24922.0
NASDAQ:META,490.12,490.23,488.28,488.75,45018.0
NASDAQ:META,488.7,490.23,488.16,490.1,29426.0
NASDAQ:META,490.23,491.08,490.13,491.08,33631.0
NASDAQ:META,491.08,491.31,489.77,490.465,22818.0
NASDAQ:META,490.52,491.55,489.58,490.92,53847.0
NASDAQ:META,490.82,491.9,490.15,491.85,87324.0
NASDAQ:META,489.01,491.61,486.08,487.25,62042.0
NASDAQ:META,487.34,488.01,485.43,485.45,38431.0
NASDAQ:META,485.4,487.5,484.19,484.32,41859.0
NASDAQ:META,484.2,487.19,484.08,486.02,30139.0
NASDAQ:META,486.33,487.46,485.68,486.39,21602.0
NASDAQ:META,486.73,488.48,486.73,487.21,26453.0
NASDAQ:META,487.13,488.09,485.16,485.35,141092.0
NASDAQ:META,485.5,485.7,484.33,485.35,30218.0
NASDAQ:META,485.33,486.67,484.66,486.39,19326.0
NASDAQ:META,486.37,487.75,486.3,486.3,16959.0
NASDAQ:META,486.23,487.55,485.81,486.89,10061.0
NASDAQ:META,486.94,487.39,486.45,486.68,15169.0
NASDAQ:META,486.82,486.86,485.76,486.17,29247.0
NASDAQ:META,486.23,487.9,486.1,487.335,20068.0
NASDAQ:META,487.4,488.88,487.25,487.87,20583.0
NASDAQ:META,488.05,488.88,487.74,488.52,7512.0
NASDAQ:META,488.5,489.04,488.13,488.13,11510.0
NASDAQ:META,488.08,488.68,487.32,487.6,26348.0
NASDAQ:META,487.64,487.64,486.2,486.7,21228.0
NASDAQ:META,486.43,486.49,485.51,485.88,25874.0
NASDAQ:META,485.9,486.12,485.57,485.785,25032.0
NASDAQ:META,485.77,486.22,485.25,485.44,23715.0
NASDAQ:META,485.49,486.08,485.14,485.8,19010.0
NASDAQ:META,485.86,486.13,485.65,485.83,21813.0
NASDAQ:META,485.76,486.07,485.44,485.44,14027.0
NASDAQ:META,485.4,485.64,484.07,484.76,40365.0
NASDAQ:META,484.7,485.17,484.63,484.85,20323.0
NASDAQ:META,484.82,484.9,484.12,484.16,21988.0
NASDAQ:META,484.19,485.65,483.9,484.815,23064.0
NASDAQ:META,484.84,485.29,484.56,485.07,9033.0
NASDAQ:META,485.02,485.67,484.8,485.1,10810.0
NASDAQ:META,485.2,485.28,484.52,484.6,11764.0
NASDAQ:META,484.71,484.76,482.91,483.19,33957.0
NASDAQ:META,483.19,483.63,482.59,483.16,19177.0
NASDAQ:META,483.14,484.0,483.1,483.17,26383.0
NASDAQ:META,483.27,483.33,482.58,482.76,18149.0
NASDAQ:META,482.73,483.34,482.63,482.66,22194.0
NASDAQ:META,482.68,483.6,482.46,483.4,16036.0
NASDAQ:META,483.3,484.01,483.09,483.11,17190.0
NASDAQ:META,483.13,483.59,482.75,482.89,20792.0
NASDAQ:META,482.83,483.55,482.32,483.08,18388.0
NASDAQ:META,483.05,483.44,482.81,482.9,11513.0
NASDAQ:META,482.89,483.77,482.88,483.22,15488.0
NASDAQ:META,483.2,483.95,482.93,483.28,19862.0
NASDAQ:META,483.27,484.49,483.2,483.88,19866.0
NASDAQ:META,483.56,484.45,483.56,484.3,9326.0
NASDAQ:META,484.22,484.8,484.22,484.72,11925.0
NASDAQ:META,484.66,484.97,484.12,484.2,11851.0
NASDAQ:META,484.18,484.51,483.75,483.82,9789.0
NASDAQ:META,483.9,484.55,483.9,484.305,12506.0
NASDAQ:META,484.33,484.51,483.85,483.85,10914.0
NASDAQ:META,483.93,483.93,482.85,483.08,14185.0
NASDAQ:META,482.98,484.14,482.95,484.07,9521.0
NASDAQ:META,484.01,484.28,483.75,483.97,15432.0
NASDAQ:META,484.0,484.68,484.0,484.19,19530.0
NASDAQ:META,484.14,484.24,483.75,483.9,21515.0
NASDAQ:META,483.95,484.55,483.76,483.88,18312.0
NASDAQ:META,483.82,484.15,483.74,484.02,16217.0
NASDAQ:META,484.04,484.11,483.54,483.74,15250.0
NASDAQ:META,483.85,484.0,483.72,483.88,12107.0
NASDAQ:META,483.82,484.8,483.79,484.25,18905.0
NASDAQ:META,484.22,484.22,483.83,483.94,19790.0
NASDAQ:META,484.0,484.5,483.92,484.17,12728.0
NASDAQ:META,484.11,484.2,483.79,483.79,12870.0
NASDAQ:META,483.85,484.28,483.56,484.19,12104.0
NASDAQ:META,484.19,484.3,483.24,483.3,15307.0
NASDAQ:META,483.36,483.43,482.92,483.43,21741.0
NASDAQ:META,483.25,483.39,481.54,481.64,23586.0
NASDAQ:META,481.65,482.52,481.35,482.03,20935.0
NASDAQ:META,482.1,482.93,481.99,482.93,21692.0
NASDAQ:META,482.93,483.22,482.3,483.22,27389.0
NASDAQ:META,483.21,484.12,483.0,483.71,24380.0
NASDAQ:META,483.72,484.12,483.38,483.52,22328.0
NASDAQ:META,483.51,484.22,483.46,483.62,32616.0
NASDAQ:META,483.69,483.96,483.26,483.96,26281.0
NASDAQ:META,483.98,484.58,483.85,484.35,33575.0
NASDAQ:META,483.82,484.3,481.7,482.54,64954.0
NASDAQ:META,482.43,484.4,482.38,484.0,105367.0
NASDAQ:META,491.95,492.4,488.05,488.17,58210.0
NASDAQ:META,488.22,489.95,487.0,489.83,35446.0
NASDAQ:META,489.94,491.07,489.63,489.63,27992.0
